Date,Hour,Temperature(째C),Humidity(%),Wind speed (m/s),Visibility (10m),Dew point temperature(째C),Solar Radiation (MJ/m2),Rainfall(mm),Snowfall (cm),Seasons,Holiday,Functioning Day,Rented Bike Count
01/11/2018,0,5.7,62,2.3,1909,-1.0,0.0,0.0,0.0,Autumn,No Holiday,Yes,298.7005701727857
01/11/2018,1,5.1,65,1.6,1932,-0.9,0.0,0.0,0.0,Autumn,No Holiday,Yes,241.38609014322392
01/11/2018,2,4.4,64,,2000,-1.8,0.0,0.0,0.0,Autumn,No Holiday,Yes,219.45475586834766
01/11/2018,3,4.2,65,0.7,1962,-1.8,0.0,0.0,0.0,Autumn,No Holiday,Yes,140.13022015790585
01/11/2018,4,3.6,70,0.8,1934,-1.3,0.0,0.0,0.0,Autumn,No Holiday,Yes,85.59802750982163
01/11/2018,5,3.3,72,0.0,1946,-1.2,0.0,0.0,0.0,Autumn,No Holiday,Yes,139.06245502807576
01/11/2018,6,2.9,75,0.2,1761,-1.1,0.0,0.0,0.0,Autumn,No Holiday,Yes,191.24459718727257
01/11/2018,7,2.5,75,0.5,1763,-1.4,0.0,0.0,0.0,Autumn,No Holiday,Yes,447.1316837973825
01/11/2018,8,2.8,74,0.9,1366,-1.3,0.13,0.0,0.0,,No Holiday,Yes,853.7235300573017
01/11/2018,9,4.7,60,0.9,1219,-2.4,0.82,0.0,0.0,Autumn,No Holiday,Yes,611.3672624241033
01/11/2018,10,8.1,51,0.7,1100,-1.4,1.38,0.0,0.0,Autumn,No Holiday,Yes,640.5323885509617
01/11/2018,11,11.1,46,1.6,1518,-0.1,1.84,0.0,0.0,Autumn,No Holiday,Yes,805.4043624531537
01/11/2018,12,12.6,36,,1785,-2.1,2.14,0.0,0.0,Autumn,No Holiday,Yes,865.4745374150854
01/11/2018,13,13.6,32,1.8,1814,-2.8,2.22,0.0,0.0,Autumn,No Holiday,Yes,811.2230023843305
01/11/2018,14,14.9,31,2.5,1872,-2.1,2.06,0.0,0.0,Autumn,No Holiday,Yes,888.5584076185608
01/11/2018,15,14.8,30,2.7,1990,-2.6,1.71,0.0,0.0,Autumn,No Holiday,Yes,971.3078359439803
01/11/2018,16,14.7,32,2.0,1934,-1.8,1.13,0.0,0.0,Autumn,No Holiday,Yes,1056.854378370195
01/11/2018,17,13.7,37,1.4,2000,-0.7,0.49,0.0,0.0,Autumn,No Holiday,Yes,1505.6178460722183
01/11/2018,18,11.8,43,,1995,-0.3,0.03,0.0,0.0,Autumn,No Holiday,Yes,1521.6964810356537
01/11/2018,19,10.5,49,1.2,1965,0.2,0.0,0.0,0.0,Autumn,No Holiday,Yes,1188.9179148411645
01/11/2018,20,,53,1.7,1868,0.7,0.0,0.0,0.0,Autumn,No Holiday,Yes,921.8670174264415
01/11/2018,21,9.3,54,1.1,1975,0.4,0.0,0.0,0.0,Autumn,No Holiday,Yes,1074.4355406958118
01/11/2018,22,8.3,61,0.2,1809,1.2,0.0,0.0,0.0,Autumn,No Holiday,Yes,972.1023400312022
01/11/2018,23,7.8,63,0.4,1547,1.1,0.0,0.0,0.0,Autumn,No Holiday,Yes,776.0574530766554
02/11/2018,0,7.2,64,1.0,1639,0.8,0.0,0.0,0.0,Autumn,No Holiday,Yes,405.45161915332875
02/11/2018,1,6.6,69,0.0,1512,1.3,0.0,0.0,0.0,Autumn,No Holiday,Yes,399.0000517879356
02/11/2018,2,6.1,68,0.5,1519,0.6,0.0,0.0,0.0,Autumn,No Holiday,Yes,255.92120008857026
02/11/2018,3,5.7,72,0.8,1368,1.0,0.0,0.0,0.0,Autumn,No Holiday,Yes,154.99136110995602
02/11/2018,4,5.2,74,1.3,1386,0.9,0.0,0.0,0.0,Autumn,No Holiday,Yes,103.57126520792598
02/11/2018,5,4.8,75,0.7,1471,0.7,0.0,0.0,0.0,Autumn,No Holiday,Yes,120.98219638750463
02/11/2018,6,4.5,77,1.0,1410,0.8,0.0,0.0,0.0,Autumn,No Holiday,Yes,237.4139535743294
02/11/2018,7,,75,0.8,1143,0.0,0.0,0.0,0.0,Autumn,No Holiday,Yes,356.13936215201585
02/11/2018,8,4.7,72,,1306,0.0,0.12,0.0,0.0,Autumn,No Holiday,Yes,1010.1448532000776
02/11/2018,9,7.0,57,0.7,1553,-0.9,0.79,0.0,0.0,Autumn,No Holiday,Yes,724.4114762884437
02/11/2018,10,10.0,49,1.2,1411,-0.2,1.4,0.0,0.0,Autumn,No Holiday,Yes,680.1024790564509
02/11/2018,11,12.8,44,1.0,1269,0.8,1.84,0.0,0.0,Autumn,No Holiday,Yes,836.2289539174145
02/11/2018,12,14.9,40,1.1,1288,1.4,2.06,0.0,0.0,Autumn,No Holiday,Yes,952.162088592502
02/11/2018,13,16.5,37,1.2,1400,1.7,2.12,0.0,0.0,Autumn,No Holiday,Yes,1118.2848579695146
02/11/2018,14,18.0,31,1.2,1506,0.5,1.98,0.0,0.0,,No Holiday,Yes,1252.374984889825
02/11/2018,15,18.6,31,1.4,1575,1.1,1.63,0.0,0.0,Autumn,No Holiday,Yes,1368.1923485576967
02/11/2018,16,18.8,32,1.4,1717,1.7,1.09,0.0,0.0,Autumn,No Holiday,Yes,1567.8589238024856
02/11/2018,17,17.0,36,1.5,1672,1.8,0.47,0.0,0.0,Autumn,No Holiday,Yes,1603.1672366860466
02/11/2018,18,14.6,42,1.4,1428,1.8,0.02,0.0,0.0,Autumn,No Holiday,Yes,1875.2268545510683
02/11/2018,19,12.8,40,,1870,-0.4,0.0,0.0,0.0,Autumn,No Holiday,Yes,1165.590957167587
02/11/2018,20,11.7,45,1.2,1748,0.1,0.0,0.0,0.0,Autumn,No Holiday,Yes,1292.459243900775
02/11/2018,21,10.8,57,2.0,1219,2.6,0.0,0.0,0.0,Autumn,No Holiday,Yes,887.0139513330545
02/11/2018,22,10.0,56,2.0,1290,1.6,0.0,0.0,0.0,Autumn,No Holiday,Yes,832.745444368647
02/11/2018,23,9.7,56,1.3,1423,1.3,0.0,0.0,0.0,Autumn,No Holiday,Yes,674.3027096123852
03/11/2018,0,8.8,63,0.6,1314,2.1,0.0,0.0,0.0,Autumn,No Holiday,No,575.7193810888876
03/11/2018,1,8.5,61,0.2,1273,1.3,0.0,0.0,0.0,Autumn,No Holiday,No,473.318842598663
03/11/2018,2,,68,1.2,1170,2.0,0.0,0.0,0.0,Autumn,No Holiday,No,252.19984186416175
03/11/2018,3,7.1,67,,1229,1.3,0.0,0.0,0.0,Autumn,No Holiday,No,170.61377322654752
03/11/2018,4,6.3,72,,1104,1.6,0.0,0.0,0.0,Autumn,No Holiday,No,133.30758258101073
03/11/2018,5,6.1,75,1.0,1053,1.9,0.0,0.0,0.0,Autumn,No Holiday,No,135.61972977999682
03/11/2018,6,5.5,78,0.6,983,1.9,0.0,0.0,0.0,,No Holiday,No,227.54341721746178
03/11/2018,7,,79,1.3,894,1.8,0.0,0.0,0.0,Autumn,No Holiday,No,385.4833320036532
03/11/2018,8,5.4,75,0.4,905,1.3,0.11,0.0,0.0,Autumn,No Holiday,No,875.512008407895
03/11/2018,9,7.9,58,1.3,1033,0.1,0.8,0.0,0.0,Autumn,No Holiday,No,755.0023091788463
03/11/2018,10,,49,0.7,957,0.6,1.4,0.0,0.0,Autumn,No Holiday,No,538.99415003626
03/11/2018,11,14.5,42,1.6,890,1.7,1.85,0.0,0.0,Autumn,No Holiday,No,824.3911456887079
03/11/2018,12,16.5,37,1.8,1060,1.7,2.14,0.0,0.0,Autumn,No Holiday,No,955.4372265371594
03/11/2018,13,17.8,29,2.0,1328,-0.4,2.17,0.0,0.0,Autumn,No Holiday,No,1093.7972898250423
03/11/2018,14,18.1,24,2.4,1594,-2.8,1.97,0.0,0.0,Autumn,No Holiday,No,1290.9663143072426
03/11/2018,15,18.5,25,1.6,1724,-1.9,1.63,0.0,0.0,Autumn,No Holiday,No,1387.5539881865132
03/11/2018,16,18.7,25,2.1,1605,-1.7,1.07,0.0,0.0,Autumn,No Holiday,No,1595.5906573112704
03/11/2018,17,16.7,45,2.2,772,4.6,0.43,0.0,0.0,,No Holiday,No,1387.803609347367
03/11/2018,18,14.2,51,1.5,990,4.1,0.02,0.0,0.0,Autumn,No Holiday,No,1828.7570365455028
03/11/2018,19,13.4,62,,740,6.2,0.0,0.0,0.0,Autumn,No Holiday,No,1243.549154689061
03/11/2018,20,12.1,68,0.8,592,6.3,0.0,0.0,0.0,Autumn,No Holiday,No,972.8137523105502
03/11/2018,21,11.1,69,,619,5.6,0.0,0.0,0.0,Autumn,No Holiday,No,898.4016305742283
03/11/2018,22,10.0,68,1.1,791,4.3,0.0,0.0,0.0,Autumn,No Holiday,No,672.4614251310295
03/11/2018,23,9.2,65,1.2,1064,2.9,0.0,0.0,0.0,Autumn,No Holiday,No,567.1640569929494
04/11/2018,0,9.1,63,0.6,1292,2.4,0.0,0.0,0.0,Autumn,No Holiday,Yes,606.3153047618852
04/11/2018,1,8.6,60,1.1,1416,1.2,0.0,0.0,0.0,Autumn,No Holiday,Yes,458.2214713233696
04/11/2018,2,8.2,62,0.2,1415,1.3,0.0,0.0,0.0,Autumn,No Holiday,Yes,331.75703650169
04/11/2018,3,,66,,1432,1.6,0.0,0.0,0.0,Autumn,No Holiday,Yes,226.84897342105177
04/11/2018,4,,70,1.5,1314,1.7,0.0,0.0,0.0,Autumn,No Holiday,Yes,145.36920246147562
04/11/2018,5,6.6,73,0.3,1219,2.0,0.0,0.0,0.0,Autumn,No Holiday,Yes,155.06700473968846
04/11/2018,6,6.2,73,0.3,1018,1.7,0.0,0.0,0.0,,No Holiday,Yes,312.22663852674634
04/11/2018,7,5.8,79,1.0,862,2.4,0.0,0.0,0.0,Autumn,No Holiday,Yes,507.105774913794
04/11/2018,8,5.7,78,1.1,714,2.1,0.09,0.0,0.0,Autumn,No Holiday,Yes,686.9756034133662
04/11/2018,9,7.5,60,0.5,725,0.2,0.79,0.0,0.0,Autumn,No Holiday,Yes,731.1649232937067
04/11/2018,10,11.1,51,0.8,679,1.3,1.38,0.0,0.0,Autumn,No Holiday,Yes,745.3640852258847
04/11/2018,11,,46,2.0,768,3.2,1.83,0.0,0.0,Autumn,No Holiday,Yes,480.66530589591525
04/11/2018,12,16.3,33,2.9,1530,0.0,2.13,0.0,0.0,,No Holiday,Yes,700.9093701172822
04/11/2018,13,18.3,26,1.2,1503,-1.5,2.17,0.0,0.0,Autumn,No Holiday,Yes,1102.8702201634528
04/11/2018,14,19.3,28,1.7,1208,0.3,1.93,0.0,0.0,Autumn,No Holiday,Yes,1339.448373583411
04/11/2018,15,19.0,25,2.1,1748,-1.5,1.6,0.0,0.0,Autumn,No Holiday,Yes,1319.38197278067
04/11/2018,16,18.4,25,3.2,1909,-2.0,1.05,0.0,0.0,Autumn,No Holiday,Yes,1359.7454682285468
04/11/2018,17,16.9,33,2.2,1972,0.5,0.43,0.0,0.0,Autumn,No Holiday,Yes,1587.4915439494116
04/11/2018,18,14.5,46,2.6,1618,3.0,0.01,0.0,0.0,Autumn,No Holiday,Yes,1865.1808384472793
04/11/2018,19,12.9,56,2.5,1345,4.3,0.0,0.0,0.0,,No Holiday,Yes,1274.4648260819972
04/11/2018,20,12.7,59,1.2,1177,4.8,0.0,0.0,0.0,Autumn,No Holiday,Yes,1206.0185023150268
04/11/2018,21,,62,0.7,1030,4.7,0.0,0.0,0.0,Autumn,No Holiday,Yes,1012.9445635693239
04/11/2018,22,11.2,67,1.3,940,5.2,0.0,0.0,0.0,Autumn,No Holiday,Yes,874.1501032223454
04/11/2018,23,10.6,73,1.3,931,5.9,0.0,0.0,0.0,,No Holiday,Yes,601.0368250907954
05/11/2018,0,10.1,75,0.0,922,5.8,0.0,0.0,0.0,Autumn,No Holiday,Yes,637.1434398729932
05/11/2018,1,9.3,78,0.1,828,5.6,0.0,0.0,0.0,Autumn,No Holiday,Yes,528.9044757423922
05/11/2018,2,8.8,81,0.0,773,5.7,0.0,0.0,0.0,Autumn,No Holiday,Yes,324.5354640862115
05/11/2018,3,8.3,81,1.1,642,5.2,0.0,0.0,0.0,Autumn,No Holiday,Yes,187.1784977890215
05/11/2018,4,8.0,81,0.4,666,4.9,0.0,0.0,0.0,Autumn,No Holiday,Yes,162.89060502034056
05/11/2018,5,,84,0.7,569,5.4,0.0,0.0,0.0,Autumn,No Holiday,Yes,140.9378104732905
05/11/2018,6,7.2,83,0.8,636,4.4,0.0,0.0,0.0,Autumn,No Holiday,Yes,260.3547566234006
05/11/2018,7,7.0,86,1.1,455,4.8,0.0,0.0,0.0,Autumn,No Holiday,Yes,380.993032135559
05/11/2018,8,,80,0.8,515,3.9,0.13,0.0,0.0,Autumn,No Holiday,Yes,861.3649737988413
05/11/2018,9,8.9,67,1.1,578,3.0,0.69,0.0,0.0,Autumn,No Holiday,Yes,827.7108668968489
05/11/2018,10,11.8,59,0.9,616,4.0,1.23,0.0,0.0,Autumn,No Holiday,Yes,605.056155484016
05/11/2018,11,13.8,47,1.2,994,2.6,1.71,0.0,0.0,Autumn,No Holiday,Yes,839.4633695401519
05/11/2018,12,16.4,48,2.1,653,5.3,1.68,0.0,0.0,Autumn,No Holiday,Yes,853.3638994182321
05/11/2018,13,16.8,46,1.1,760,5.0,1.71,0.0,0.0,Autumn,No Holiday,Yes,942.0333146332715
05/11/2018,14,17.5,38,1.2,1090,3.0,1.74,0.0,0.0,Autumn,No Holiday,Yes,845.7030643001724
05/11/2018,15,,39,1.0,1208,3.8,1.21,0.0,0.0,Autumn,No Holiday,Yes,546.8634759537997
05/11/2018,16,16.8,46,1.8,1041,5.0,0.72,0.0,0.0,Autumn,No Holiday,Yes,1198.9911482868263
05/11/2018,17,15.7,49,2.0,1252,5.0,0.26,0.0,0.0,Autumn,No Holiday,Yes,1370.787497452741
05/11/2018,18,14.5,54,1.3,1343,5.2,0.01,0.0,0.0,Autumn,No Holiday,Yes,1733.9135410987267
05/11/2018,19,13.2,66,1.7,705,6.9,0.0,0.0,0.0,Autumn,No Holiday,Yes,1138.088129819953
05/11/2018,20,12.7,75,2.0,433,8.3,0.0,0.0,0.0,,No Holiday,Yes,907.9761206059
05/11/2018,21,12.2,79,1.8,351,8.6,0.0,0.0,0.0,Autumn,No Holiday,Yes,959.7364943832011
05/11/2018,22,11.6,81,1.2,336,8.4,0.0,0.0,0.0,,No Holiday,Yes,805.938868704242
05/11/2018,23,10.9,82,0.1,346,7.9,0.0,0.0,0.0,Autumn,No Holiday,Yes,631.1241278533698
06/11/2018,0,10.0,73,0.5,700,5.3,0.0,0.0,0.0,Autumn,No Holiday,No,612.6893628710259
06/11/2018,1,9.8,75,0.5,668,5.5,0.0,0.0,0.0,Autumn,No Holiday,No,493.30856038737886
06/11/2018,2,9.7,78,0.0,619,6.0,0.0,0.0,0.0,Autumn,No Holiday,No,325.96510435828696
06/11/2018,3,,81,0.3,500,6.2,0.0,0.0,0.0,,No Holiday,No,182.80557489071927
06/11/2018,4,9.1,81,0.0,493,6.0,0.0,0.0,0.0,Autumn,No Holiday,No,161.9989869766049
06/11/2018,5,8.8,84,0.6,420,6.2,0.0,0.0,0.0,Autumn,No Holiday,No,127.68221439153868
06/11/2018,6,8.5,83,0.7,409,5.7,0.0,0.0,0.0,Autumn,No Holiday,No,260.05478135408737
06/11/2018,7,8.3,84,0.9,422,5.7,0.0,0.0,0.0,Autumn,No Holiday,No,653.9716965336895
06/11/2018,8,8.7,77,0.7,529,4.8,0.11,0.0,0.0,,No Holiday,No,1300.42956775297
06/11/2018,9,10.1,68,0.2,578,4.4,0.33,0.0,0.0,Autumn,No Holiday,No,806.4076497392045
06/11/2018,10,11.7,62,0.5,521,4.6,0.77,0.0,0.0,Autumn,No Holiday,No,568.6108544518908
06/11/2018,11,13.0,55,1.0,488,4.1,0.84,0.0,0.0,Autumn,No Holiday,No,632.0885243159531
06/11/2018,12,14.5,57,0.8,373,6.0,1.08,0.0,0.0,Autumn,No Holiday,No,639.6865394682095
06/11/2018,13,,56,1.7,328,7.3,1.54,0.0,0.0,Autumn,No Holiday,No,599.4133419906059
06/11/2018,14,17.4,50,,336,6.8,1.52,0.0,0.0,Autumn,No Holiday,No,989.061946237209
06/11/2018,15,,54,1.6,374,6.9,0.76,0.0,0.0,Autumn,No Holiday,No,589.0184149353425
06/11/2018,16,,55,1.3,334,7.5,0.66,0.0,0.0,Autumn,No Holiday,No,658.8556649744665
06/11/2018,17,15.3,63,1.2,260,8.2,0.23,0.0,0.0,,No Holiday,No,1361.8927689463264
06/11/2018,18,14.0,71,1.5,201,8.8,0.01,0.0,0.0,Autumn,No Holiday,No,1475.6482614873278
06/11/2018,19,,72,1.1,234,8.3,0.0,0.0,0.0,Autumn,No Holiday,No,905.3816615637454
06/11/2018,20,13.2,73,,246,8.4,0.0,0.0,0.0,Autumn,No Holiday,No,1074.9233554789628
06/11/2018,21,13.0,76,0.9,231,8.8,0.0,0.0,0.0,Autumn,No Holiday,No,1090.1706612221099
06/11/2018,22,12.3,73,1.2,277,7.5,0.0,0.0,0.0,Autumn,No Holiday,No,973.299482894683
06/11/2018,23,12.2,74,1.1,291,7.6,0.0,0.0,0.0,Autumn,No Holiday,No,706.0260238124699
07/11/2018,0,11.9,74,1.6,287,7.4,0.0,0.0,0.0,Autumn,No Holiday,Yes,538.3607159967411
07/11/2018,1,11.9,76,1.4,286,7.7,0.0,0.0,0.0,Autumn,No Holiday,Yes,451.3295515334438
07/11/2018,2,12.0,81,1.3,295,8.8,0.0,0.0,0.0,Autumn,No Holiday,Yes,266.01038838413695
07/11/2018,3,10.8,88,1.0,145,8.8,0.0,0.5,0.0,Autumn,No Holiday,Yes,134.7363303714448
07/11/2018,4,10.6,95,0.7,94,9.8,0.0,0.0,0.0,Autumn,No Holiday,Yes,119.98891786465649
07/11/2018,5,11.1,95,0.2,117,10.3,0.0,0.0,0.0,Autumn,No Holiday,Yes,90.45590241222872
07/11/2018,6,11.0,91,1.0,124,9.5,0.0,1.0,0.0,Autumn,No Holiday,Yes,73.20053228607662
07/11/2018,7,,91,,216,9.3,0.0,0.0,0.0,Autumn,No Holiday,Yes,258.8683413853597
07/11/2018,8,11.3,89,1.1,279,9.5,0.01,0.0,0.0,Autumn,No Holiday,Yes,463.7267838216364
07/11/2018,9,,86,1.0,372,8.9,0.09,0.5,0.0,Autumn,No Holiday,Yes,171.6292311030305
07/11/2018,10,11.9,84,,482,9.2,0.2,0.0,0.0,Autumn,No Holiday,Yes,470.69419372087424
07/11/2018,11,12.4,82,0.6,507,9.4,0.34,0.0,0.0,Autumn,No Holiday,Yes,328.3534603702579
07/11/2018,12,13.2,77,,589,9.2,0.5,0.0,0.0,Autumn,No Holiday,Yes,804.5222997075812
07/11/2018,13,,74,1.3,610,9.9,0.75,0.0,0.0,,No Holiday,Yes,477.239883706271
07/11/2018,14,,68,1.4,693,9.6,1.15,0.0,0.0,Autumn,No Holiday,Yes,607.4360185539781
07/11/2018,15,15.4,72,1.1,608,10.3,0.57,0.0,0.0,Autumn,No Holiday,Yes,807.7627909521184
07/11/2018,16,15.2,72,1.2,625,10.1,0.4,0.0,0.0,Autumn,No Holiday,Yes,869.4833393939035
07/11/2018,17,14.9,73,,854,10.0,0.04,0.0,0.0,Autumn,No Holiday,Yes,1290.254466025785
07/11/2018,18,14.4,77,1.0,912,10.4,0.0,0.0,0.0,,No Holiday,Yes,1622.2633053881639
07/11/2018,19,13.8,81,1.5,760,10.5,0.0,0.0,0.0,Autumn,No Holiday,Yes,1024.509275395105
07/11/2018,20,13.3,77,1.6,833,9.3,0.0,0.0,0.0,Autumn,No Holiday,Yes,1086.8303472524735
07/11/2018,21,13.5,75,0.8,1275,9.1,0.0,0.0,0.0,Autumn,No Holiday,Yes,1040.870864552752
07/11/2018,22,13.2,74,1.4,1407,8.6,0.0,0.0,0.0,Autumn,No Holiday,Yes,1027.0169990004815
07/11/2018,23,12.9,72,1.4,2000,7.9,0.0,0.0,0.0,Autumn,No Holiday,Yes,797.0828530802595
08/11/2018,0,12.9,70,1.8,2000,7.5,0.0,0.0,0.0,Autumn,No Holiday,Yes,436.47228302431796
08/11/2018,1,11.9,77,1.1,1634,7.9,0.0,0.0,0.0,Autumn,No Holiday,Yes,475.5016293558139
08/11/2018,2,11.8,84,1.6,1874,9.1,0.0,0.0,0.0,Autumn,No Holiday,Yes,325.14299114803333
08/11/2018,3,11.8,86,1.6,1819,9.5,0.0,0.5,0.0,Autumn,No Holiday,Yes,70.189769378565
08/11/2018,4,10.8,87,1.7,956,8.7,0.0,0.0,0.0,Autumn,No Holiday,Yes,114.16525964069068
08/11/2018,5,,89,1.6,957,9.0,0.0,0.0,0.0,Autumn,No Holiday,Yes,97.83571995961553
08/11/2018,6,10.6,90,1.6,1065,9.0,0.0,1.5,0.0,Autumn,No Holiday,Yes,68.19446287042686
08/11/2018,7,10.9,88,1.8,1866,8.9,0.0,0.0,0.0,,No Holiday,Yes,359.6704526805005
08/11/2018,8,10.6,89,1.5,689,8.8,0.02,0.0,0.0,Autumn,No Holiday,Yes,506.5836528794813
08/11/2018,9,,94,,739,9.6,0.06,2.0,0.0,Autumn,No Holiday,Yes,86.99279739076273
08/11/2018,10,10.8,94,1.8,578,9.8,0.15,0.0,0.0,Autumn,No Holiday,Yes,133.97585575332613
08/11/2018,11,10.9,95,2.4,519,10.1,0.12,0.0,0.0,Autumn,No Holiday,Yes,88.59174760546273
08/11/2018,12,11.4,95,2.5,792,10.6,0.44,5.5,0.0,Autumn,No Holiday,Yes,-11.412101841041546
08/11/2018,13,11.5,95,,457,10.7,0.32,0.0,0.0,Autumn,No Holiday,Yes,177.99894105757633
08/11/2018,14,11.3,96,2.7,302,10.6,0.11,0.0,0.0,Autumn,No Holiday,Yes,186.66979683016035
08/11/2018,15,11.4,96,2.0,910,10.7,0.07,9.5,0.0,Autumn,No Holiday,Yes,-33.76062945945339
08/11/2018,16,11.7,96,1.4,587,11.0,0.02,0.0,0.0,,No Holiday,Yes,205.18959100752704
08/11/2018,17,11.9,97,0.7,269,11.4,0.0,0.0,0.0,Autumn,No Holiday,Yes,357.0915589945583
08/11/2018,18,12.9,97,0.0,406,12.4,0.0,9.0,0.0,Autumn,No Holiday,Yes,151.62979714943089
08/11/2018,19,12.8,97,0.9,245,12.3,0.0,0.0,0.0,Autumn,No Holiday,Yes,531.6820092430078
08/11/2018,20,13.9,97,2.5,594,13.4,0.0,0.0,0.0,,No Holiday,Yes,607.3091265156235
08/11/2018,21,,96,4.1,292,13.3,0.0,18.0,0.0,Autumn,No Holiday,Yes,97.72788764657436
08/11/2018,22,12.4,96,2.7,545,11.7,0.0,0.0,0.0,Autumn,No Holiday,Yes,370.5492780290567
08/11/2018,23,11.5,96,,691,10.8,0.0,0.0,0.0,Autumn,No Holiday,Yes,246.48030140834103
09/11/2018,0,12.0,96,3.1,1185,11.3,0.0,18.0,0.0,Autumn,No Holiday,No,84.90260130049148
09/11/2018,1,11.4,89,2.6,1376,9.6,0.0,0.0,0.0,Autumn,No Holiday,No,309.29471582865216
09/11/2018,2,11.3,88,3.7,1680,9.3,0.0,0.0,0.0,Autumn,No Holiday,No,250.64070211426983
09/11/2018,3,10.8,82,2.8,1712,7.8,0.0,0.5,0.0,Autumn,No Holiday,No,93.60863999886166
09/11/2018,4,10.6,75,3.2,913,6.3,0.0,0.0,0.0,Autumn,No Holiday,No,167.4528156812776
09/11/2018,5,10.9,68,3.1,1034,5.2,0.0,0.0,0.0,Autumn,No Holiday,No,135.91119788214968
09/11/2018,6,11.0,70,3.1,900,5.7,0.0,0.0,0.0,Autumn,No Holiday,No,296.544216926858
09/11/2018,7,10.4,81,3.0,1741,7.2,0.0,0.0,0.0,Autumn,No Holiday,No,576.794924683878
09/11/2018,8,10.1,85,2.4,1809,7.6,0.05,0.0,0.0,Autumn,No Holiday,No,771.3629006971552
09/11/2018,9,10.8,78,2.6,1985,7.1,0.13,0.5,0.0,Autumn,No Holiday,No,456.3156813343338
09/11/2018,10,11.3,68,4.7,1984,5.5,0.44,0.0,0.0,Autumn,No Holiday,No,603.6896101571006
09/11/2018,11,13.3,59,4.1,1970,5.4,1.43,0.0,0.0,Autumn,No Holiday,No,613.7965644888452
09/11/2018,12,13.9,50,4.1,1964,3.6,2.14,0.0,0.0,,No Holiday,No,637.4933948394552
09/11/2018,13,14.0,46,5.3,927,2.5,1.68,0.0,0.0,Autumn,No Holiday,No,884.1386125192794
09/11/2018,14,15.0,49,2.8,518,4.3,1.53,0.0,0.0,Autumn,No Holiday,No,910.3067254617755
09/11/2018,15,15.1,52,3.4,622,5.3,1.3,0.0,0.0,,No Holiday,No,741.882626836073
09/11/2018,16,14.3,59,3.6,858,6.3,0.72,0.0,0.0,Autumn,No Holiday,No,808.7953567805569
09/11/2018,17,,66,3.6,682,6.6,0.32,0.0,0.0,,No Holiday,No,720.2318329657273
09/11/2018,18,12.3,69,2.1,623,6.7,0.01,0.0,0.0,Autumn,No Holiday,No,1403.829397854114
09/11/2018,19,11.9,71,2.7,589,6.7,0.0,0.0,0.0,Autumn,No Holiday,No,886.7046641688208
09/11/2018,20,11.9,72,2.5,526,7.0,0.0,0.0,0.0,Autumn,No Holiday,No,810.4986895054938
09/11/2018,21,11.4,74,1.9,498,6.9,0.0,0.0,0.0,Autumn,No Holiday,No,788.9312684043833
09/11/2018,22,11.2,75,,478,6.9,0.0,0.0,0.0,Autumn,No Holiday,No,774.1022517740239
09/11/2018,23,10.9,76,1.2,456,6.8,0.0,0.0,0.0,,No Holiday,No,623.8537106497239
10/11/2018,0,,77,0.9,433,7.4,0.0,0.0,0.0,Autumn,No Holiday,Yes,586.9617741741007
10/11/2018,1,,78,1.1,467,7.4,0.0,0.0,0.0,,No Holiday,Yes,437.35239400414497
10/11/2018,2,10.7,80,0.6,409,7.3,0.0,0.0,0.0,Autumn,No Holiday,Yes,338.7650403052254
10/11/2018,3,10.3,81,0.7,361,7.1,0.0,0.0,0.0,Autumn,No Holiday,Yes,212.58444840617844
10/11/2018,4,9.5,87,0.6,266,7.4,0.0,0.0,0.0,Autumn,No Holiday,Yes,162.63024057937028
10/11/2018,5,9.4,87,0.8,279,7.3,0.0,0.0,0.0,Autumn,No Holiday,Yes,155.5960657269111
10/11/2018,6,9.5,85,0.6,304,7.0,0.0,0.0,0.0,Autumn,No Holiday,Yes,306.504835423366
10/11/2018,7,,86,,293,7.2,0.0,0.0,0.0,,No Holiday,Yes,355.6367566362135
10/11/2018,8,9.3,85,0.3,313,6.9,0.07,0.0,0.0,Autumn,No Holiday,Yes,826.296395069346
10/11/2018,9,10.1,77,0.0,350,6.2,0.45,0.0,0.0,Autumn,No Holiday,Yes,972.9802426112682
10/11/2018,10,12.2,73,1.9,374,7.4,0.92,0.0,0.0,Autumn,No Holiday,Yes,676.0015469627682
10/11/2018,11,13.8,63,2.2,416,6.8,1.32,0.0,0.0,Autumn,No Holiday,Yes,666.1181688621089
10/11/2018,12,15.1,54,2.2,495,5.8,1.91,0.0,0.0,Autumn,No Holiday,Yes,821.509299918943
10/11/2018,13,15.9,48,2.7,538,4.8,1.87,0.0,0.0,Autumn,No Holiday,Yes,910.0129929799576
10/11/2018,14,,39,2.0,781,3.0,1.85,0.0,0.0,Autumn,No Holiday,Yes,654.7872054560347
10/11/2018,15,16.6,36,2.5,808,1.4,1.45,0.0,0.0,Autumn,No Holiday,Yes,1113.1604625173723
10/11/2018,16,16.0,37,1.9,984,1.2,0.94,0.0,0.0,Autumn,No Holiday,Yes,1175.3100648754084
10/11/2018,17,,47,1.3,787,3.5,0.35,0.0,0.0,Autumn,No Holiday,Yes,859.7696113020069
10/11/2018,18,13.2,57,2.2,618,4.8,0.01,0.0,0.0,Autumn,No Holiday,Yes,1545.649686881861
10/11/2018,19,12.1,67,1.5,430,6.1,0.0,0.0,0.0,Autumn,No Holiday,Yes,1064.1617554094512
10/11/2018,20,11.3,74,1.2,350,6.8,0.0,0.0,0.0,Autumn,No Holiday,Yes,788.0069641856229
10/11/2018,21,,78,1.0,303,7.1,0.0,0.0,0.0,Autumn,No Holiday,Yes,919.7356463119013
10/11/2018,22,10.6,81,1.2,281,7.4,0.0,0.0,0.0,Autumn,No Holiday,Yes,708.765508767204
10/11/2018,23,10.3,84,,250,7.7,0.0,0.0,0.0,Autumn,No Holiday,Yes,491.9962707404018
11/11/2018,0,,85,0.6,241,6.9,0.0,0.0,0.0,Autumn,No Holiday,Yes,539.9266826583269
11/11/2018,1,8.8,89,0.7,213,7.0,0.0,0.0,0.0,Autumn,No Holiday,Yes,371.6228009147489
11/11/2018,2,7.9,85,1.1,275,5.5,0.0,0.0,0.0,Autumn,No Holiday,Yes,355.6496272991441
11/11/2018,3,7.1,85,0.7,329,4.7,0.0,0.0,0.0,Autumn,No Holiday,Yes,215.93599712677425
11/11/2018,4,6.9,82,0.5,337,4.0,0.0,0.0,0.0,Autumn,No Holiday,Yes,102.70193251034334
11/11/2018,5,6.8,83,0.6,341,4.1,0.0,0.0,0.0,Autumn,No Holiday,Yes,109.22725542846067
11/11/2018,6,6.6,84,,373,4.0,0.0,0.0,0.0,Autumn,No Holiday,Yes,211.31674499673554
11/11/2018,7,6.4,84,1.3,369,3.8,0.0,0.0,0.0,Autumn,No Holiday,Yes,487.43491212317633
11/11/2018,8,6.3,81,0.8,365,3.2,0.11,0.0,0.0,,No Holiday,Yes,593.7282222386247
11/11/2018,9,7.8,72,1.2,360,3.0,0.54,0.0,0.0,Autumn,No Holiday,Yes,578.2020362870918
11/11/2018,10,10.2,68,0.7,354,4.5,1.06,0.0,0.0,Autumn,No Holiday,Yes,667.3827585475286
11/11/2018,11,10.7,68,0.4,341,5.0,0.54,0.0,0.0,Autumn,No Holiday,Yes,516.7970659662614
11/11/2018,12,10.6,72,,365,5.7,0.29,0.0,0.0,Autumn,No Holiday,Yes,464.89967448968486
11/11/2018,13,,70,1.7,360,4.5,0.33,0.0,0.0,Autumn,No Holiday,Yes,369.41833019255665
11/11/2018,14,10.1,58,0.9,605,2.1,0.43,0.0,0.0,Autumn,No Holiday,Yes,497.29174219444866
11/11/2018,15,10.2,58,2.0,573,2.2,0.29,0.0,0.0,Autumn,No Holiday,Yes,449.59328414840115
11/11/2018,16,9.9,59,1.3,578,2.2,0.1,0.0,0.0,Autumn,No Holiday,Yes,521.4307575309932
11/11/2018,17,8.9,57,3.0,1149,0.8,0.03,0.0,0.0,Autumn,No Holiday,Yes,804.7817584060177
11/11/2018,18,8.9,55,2.0,1333,0.3,0.0,0.0,0.0,Autumn,No Holiday,Yes,1196.269551954933
11/11/2018,19,8.7,52,0.8,1590,-0.6,0.0,0.0,0.0,Autumn,No Holiday,Yes,1010.8594850207121
11/11/2018,20,8.2,53,0.6,1621,-0.8,0.0,0.0,0.0,,No Holiday,Yes,986.6310104505678
11/11/2018,21,8.0,51,0.5,1989,-1.5,0.0,0.0,0.0,Autumn,No Holiday,Yes,1013.3313997382587
11/11/2018,22,,60,0.0,1948,-0.2,0.0,0.0,0.0,Autumn,No Holiday,Yes,964.2535156001086
11/11/2018,23,6.3,62,0.0,1993,-0.4,0.0,0.0,0.0,,No Holiday,Yes,621.0390565309375
12/11/2018,0,5.4,64,0.8,2000,-0.8,0.0,0.0,0.0,Autumn,No Holiday,Yes,292.61982283665344
12/11/2018,1,,67,1.3,2000,-0.6,0.0,0.0,0.0,Autumn,No Holiday,Yes,415.2102285944871
12/11/2018,2,4.8,66,1.6,2000,-1.0,0.0,0.0,0.0,Autumn,No Holiday,Yes,207.36219132198823
12/11/2018,3,4.6,65,0.1,2000,-1.4,0.0,0.0,0.0,Autumn,No Holiday,Yes,177.24959834959543
12/11/2018,4,4.0,68,,2000,-1.3,0.0,0.0,0.0,Autumn,No Holiday,Yes,113.4158019757163
12/11/2018,5,4.0,71,0.0,2000,-0.7,0.0,0.0,0.0,Autumn,No Holiday,Yes,156.88207124547114
12/11/2018,6,3.8,69,0.0,1995,-1.3,0.0,0.0,0.0,,No Holiday,Yes,233.5237534681548
12/11/2018,7,3.4,72,,1989,-1.1,0.0,0.0,0.0,Autumn,No Holiday,Yes,565.089442496061
12/11/2018,8,3.3,69,,2000,-1.8,0.06,0.0,0.0,Autumn,No Holiday,Yes,771.5072382087787
12/11/2018,9,5.2,55,1.4,1752,-3.1,0.67,0.0,0.0,Autumn,No Holiday,Yes,545.7176299729099
12/11/2018,10,8.3,50,1.1,1364,-1.5,1.23,0.0,0.0,Autumn,No Holiday,Yes,511.02195571390536
12/11/2018,11,10.3,40,,1672,-2.7,1.66,0.0,0.0,Autumn,No Holiday,Yes,700.0749247324459
12/11/2018,12,12.3,37,0.8,1690,-1.9,1.93,0.0,0.0,Autumn,No Holiday,Yes,976.2066745469995
12/11/2018,13,13.3,36,2.1,1283,-1.4,1.99,0.0,0.0,Autumn,No Holiday,Yes,959.451275917395
12/11/2018,14,14.2,33,,1374,-1.8,1.84,0.0,0.0,Autumn,No Holiday,Yes,930.4870445407985
12/11/2018,15,13.8,34,,1438,-1.8,1.45,0.0,0.0,Autumn,No Holiday,Yes,954.6922184756263
12/11/2018,16,12.9,38,2.6,1476,-1.1,0.94,0.0,0.0,,No Holiday,Yes,1001.0381049309592
12/11/2018,17,11.8,43,1.8,1685,-0.3,0.34,0.0,0.0,Autumn,No Holiday,Yes,1033.9325815321117
12/11/2018,18,10.6,45,1.8,1936,-0.8,0.01,0.0,0.0,Autumn,No Holiday,Yes,1389.959791127928
12/11/2018,19,9.8,46,,1945,-1.2,0.0,0.0,0.0,Autumn,No Holiday,Yes,994.980638079984
12/11/2018,20,9.0,48,1.9,1879,-1.4,0.0,0.0,0.0,Autumn,No Holiday,Yes,981.9176626644462
12/11/2018,21,8.5,50,0.5,1707,-1.3,0.0,0.0,0.0,Autumn,No Holiday,Yes,1075.5931560507797
12/11/2018,22,7.6,55,1.7,1694,-0.8,0.0,0.0,0.0,Autumn,No Holiday,Yes,776.9865872846062
12/11/2018,23,6.9,60,0.8,1610,-0.3,0.0,0.0,0.0,Autumn,No Holiday,Yes,470.20834582026083
13/11/2018,0,6.2,63,0.8,1611,-0.3,0.0,0.0,0.0,Autumn,No Holiday,Yes,379.8797021525018
13/11/2018,1,5.6,68,0.5,1576,0.1,0.0,0.0,0.0,,No Holiday,Yes,262.92591034638093
13/11/2018,2,5.6,64,0.1,1556,-0.6,0.0,0.0,0.0,Autumn,No Holiday,Yes,292.9568815392447
13/11/2018,3,5.3,62,,1485,-1.4,0.0,0.0,0.0,,No Holiday,Yes,133.73971435828992
13/11/2018,4,4.9,63,0.0,1397,-1.5,0.0,0.0,0.0,Autumn,No Holiday,Yes,182.57699041323775
13/11/2018,5,4.7,72,0.0,1310,0.0,0.0,0.0,0.0,Autumn,No Holiday,Yes,161.19538728113352
13/11/2018,6,4.2,72,0.8,1326,-0.4,0.0,0.0,0.0,Autumn,No Holiday,Yes,200.21356048270223
13/11/2018,7,4.4,72,0.3,1189,-0.2,0.0,0.0,0.0,Autumn,No Holiday,Yes,525.58278182597
13/11/2018,8,4.7,68,0.5,1032,-0.7,0.06,0.0,0.0,Autumn,No Holiday,Yes,807.8571985825323
13/11/2018,9,6.0,59,1.0,719,-1.4,0.6,0.0,0.0,Autumn,No Holiday,Yes,636.2818558838738
13/11/2018,10,,51,0.9,706,-0.6,1.16,0.0,0.0,Autumn,No Holiday,Yes,427.1713633223715
13/11/2018,11,11.4,46,0.8,876,0.1,1.57,0.0,0.0,Autumn,No Holiday,Yes,784.3719399992511
13/11/2018,12,12.8,45,1.8,1170,1.1,1.82,0.0,0.0,Autumn,No Holiday,Yes,835.4963450335888
13/11/2018,13,13.5,43,2.2,1687,1.1,1.92,0.0,0.0,Autumn,No Holiday,Yes,862.4017076594008
13/11/2018,14,15.0,37,1.6,1703,0.4,1.82,0.0,0.0,,No Holiday,Yes,925.0871322519951
13/11/2018,15,15.3,37,1.8,1774,0.6,1.5,0.0,0.0,Autumn,No Holiday,Yes,1013.5905152976866
13/11/2018,16,14.2,37,2.0,1783,-0.3,0.91,0.0,0.0,Autumn,No Holiday,Yes,1047.588300250907
13/11/2018,17,,40,1.9,1967,-0.5,0.33,0.0,0.0,Autumn,No Holiday,Yes,815.6592746381983
13/11/2018,18,11.3,42,,1846,-1.1,0.01,0.0,0.0,Autumn,No Holiday,Yes,1403.6170863047141
13/11/2018,19,9.8,45,1.3,1882,-1.5,0.0,0.0,0.0,,No Holiday,Yes,1053.2539282004977
13/11/2018,20,9.5,44,1.8,1991,-2.1,0.0,0.0,0.0,Autumn,No Holiday,Yes,989.6220261026976
13/11/2018,21,8.5,42,1.1,2000,-3.7,0.0,0.0,0.0,,No Holiday,Yes,933.1721316453034
13/11/2018,22,8.1,50,0.5,2000,-1.7,0.0,0.0,0.0,Autumn,No Holiday,Yes,918.9522999675455
13/11/2018,23,7.6,49,0.6,1971,-2.4,0.0,0.0,0.0,,No Holiday,Yes,664.8616959816579
14/11/2018,0,7.0,54,0.9,1862,-1.6,0.0,0.0,0.0,Autumn,No Holiday,Yes,444.3747304929351
14/11/2018,1,6.5,60,0.5,1788,-0.7,0.0,0.0,0.0,Autumn,No Holiday,Yes,355.5032499641657
14/11/2018,2,6.2,59,0.6,1584,-1.2,0.0,0.0,0.0,Autumn,No Holiday,Yes,289.6485651682799
14/11/2018,3,6.1,66,,1347,0.2,0.0,0.0,0.0,,No Holiday,Yes,180.05765898828014
14/11/2018,4,5.6,70,0.6,1311,0.5,0.0,0.0,0.0,Autumn,No Holiday,Yes,88.79841285212292
14/11/2018,5,5.3,72,0.2,1278,0.6,0.0,0.0,0.0,Autumn,No Holiday,Yes,129.9309509178362
14/11/2018,6,5.1,76,1.1,1195,1.2,0.0,0.0,0.0,Autumn,No Holiday,Yes,236.76849602905932
14/11/2018,7,5.2,78,0.3,1182,1.6,0.0,0.0,0.0,Autumn,No Holiday,Yes,413.51993484102877
14/11/2018,8,5.0,77,1.5,1115,1.2,0.07,0.0,0.0,Autumn,No Holiday,Yes,708.4764937732632
14/11/2018,9,7.1,61,,1493,0.0,0.57,0.0,0.0,Autumn,No Holiday,Yes,580.4808133695508
14/11/2018,10,9.6,53,1.4,1818,0.4,1.16,0.0,0.0,Autumn,No Holiday,Yes,567.6842466286471
14/11/2018,11,12.1,49,0.8,1827,1.6,1.61,0.0,0.0,Autumn,No Holiday,Yes,816.2041290406715
14/11/2018,12,14.2,45,0.9,1531,2.4,1.86,0.0,0.0,Autumn,No Holiday,Yes,966.3754842575516
14/11/2018,13,15.7,41,,1322,2.4,2.01,0.0,0.0,Autumn,No Holiday,Yes,788.0406556949196
14/11/2018,14,16.1,32,1.4,1703,-0.6,1.8,0.0,0.0,Autumn,No Holiday,Yes,987.348159974522
14/11/2018,15,15.9,30,,1823,-1.6,1.34,0.0,0.0,,No Holiday,Yes,1054.2620317928279
14/11/2018,16,15.2,40,2.7,1371,1.6,0.87,0.0,0.0,Autumn,No Holiday,Yes,988.9249635899033
14/11/2018,17,13.6,46,1.8,1374,2.1,0.31,0.0,0.0,Autumn,No Holiday,Yes,1365.9680655949674
14/11/2018,18,12.2,47,2.6,1427,1.2,0.01,0.0,0.0,Autumn,No Holiday,Yes,1784.0954788340728
14/11/2018,19,11.5,52,,1319,1.9,0.0,0.0,0.0,Autumn,No Holiday,Yes,1173.1016107480102
14/11/2018,20,,52,1.4,1153,1.0,0.0,0.0,0.0,Autumn,No Holiday,Yes,918.5786931177951
14/11/2018,21,9.8,52,,1255,0.3,0.0,0.0,0.0,Autumn,No Holiday,Yes,919.4354231018547
14/11/2018,22,8.8,58,0.5,1358,0.9,0.0,0.0,0.0,Autumn,No Holiday,Yes,887.4998418752785
14/11/2018,23,8.4,65,,1216,2.1,0.0,0.0,0.0,,No Holiday,Yes,555.4519991192451
15/11/2018,0,7.7,67,0.4,1102,1.9,0.0,0.0,0.0,Autumn,No Holiday,Yes,514.9529129920498
15/11/2018,1,7.3,64,0.3,1150,0.9,0.0,0.0,0.0,Autumn,No Holiday,Yes,421.8142713974255
15/11/2018,2,7.1,68,0.6,1082,1.5,0.0,0.0,0.0,Autumn,No Holiday,Yes,244.87678837929533
15/11/2018,3,6.5,75,1.1,970,2.3,0.0,0.0,0.0,Autumn,No Holiday,Yes,197.45330060239985
15/11/2018,4,6.1,72,,1052,1.4,0.0,0.0,0.0,Autumn,No Holiday,Yes,133.30758258101073
15/11/2018,5,5.3,78,1.4,952,1.7,0.0,0.0,0.0,Autumn,No Holiday,Yes,77.70360238410532
15/11/2018,6,4.9,76,1.1,800,1.0,0.0,0.0,0.0,Autumn,No Holiday,Yes,215.00021607213134
15/11/2018,7,4.8,76,0.7,762,0.9,0.0,0.0,0.0,Autumn,No Holiday,Yes,587.9046207732887
15/11/2018,8,5.3,75,1.0,808,1.2,0.1,0.0,0.0,,No Holiday,Yes,769.343285958037
15/11/2018,9,6.8,64,1.0,949,0.4,0.5,0.0,0.0,Autumn,No Holiday,Yes,582.3792912783638
15/11/2018,10,8.6,57,0.6,1102,0.5,0.77,0.0,0.0,Autumn,No Holiday,Yes,550.6795904573034
15/11/2018,11,11.1,47,1.2,1047,0.1,1.48,0.0,0.0,Autumn,No Holiday,Yes,763.4353444837051
15/11/2018,12,13.8,43,0.9,987,1.4,1.61,0.0,0.0,Autumn,No Holiday,Yes,898.0449981012213
15/11/2018,13,,37,1.9,990,0.4,1.74,0.0,0.0,Autumn,No Holiday,Yes,602.5352249696026
15/11/2018,14,15.1,33,1.5,1045,-1.0,1.31,0.0,0.0,Autumn,No Holiday,Yes,933.0516690477465
15/11/2018,15,16.1,30,,1125,-1.5,1.06,0.0,0.0,Autumn,No Holiday,Yes,1020.479724353588
15/11/2018,16,15.4,34,1.4,1016,-0.4,0.68,0.0,0.0,Autumn,No Holiday,Yes,1050.1887760098289
15/11/2018,17,,38,1.4,884,-0.3,0.29,0.0,0.0,Autumn,No Holiday,Yes,826.6835920514786
15/11/2018,18,12.1,46,1.4,799,0.8,0.01,0.0,0.0,Autumn,No Holiday,Yes,1772.6215957169672
15/11/2018,19,11.2,46,1.4,869,0.0,0.0,0.0,0.0,Autumn,No Holiday,Yes,1135.1294056492657
15/11/2018,20,9.5,49,1.3,918,-0.7,0.0,0.0,0.0,Autumn,No Holiday,Yes,942.7113032178611
15/11/2018,21,9.6,52,1.3,906,0.2,0.0,0.0,0.0,Autumn,No Holiday,Yes,956.2415484252059
15/11/2018,22,8.7,53,0.4,764,-0.3,0.0,0.0,0.0,Autumn,No Holiday,Yes,846.9216480526504
15/11/2018,23,8.1,57,0.7,752,0.0,0.0,0.0,0.0,Autumn,No Holiday,Yes,707.2132089093332
16/11/2018,0,7.8,57,0.3,792,-0.2,0.0,0.0,0.0,Autumn,No Holiday,Yes,592.1532994528906
16/11/2018,1,7.8,59,0.6,768,0.2,0.0,0.0,0.0,Autumn,No Holiday,Yes,493.3316009506585
16/11/2018,2,7.7,63,1.0,704,1.0,0.0,0.0,0.0,Autumn,No Holiday,Yes,315.41493571858376
16/11/2018,3,7.4,63,,699,0.8,0.0,0.0,0.0,Autumn,No Holiday,Yes,202.04779084586247
16/11/2018,4,7.1,64,0.6,663,0.7,0.0,0.0,0.0,Autumn,No Holiday,Yes,113.78228685705419
16/11/2018,5,6.9,66,,698,0.9,0.0,0.0,0.0,Autumn,No Holiday,Yes,105.24491648294074
16/11/2018,6,,65,0.5,713,0.9,0.0,0.0,0.0,,No Holiday,Yes,287.60506718860233
16/11/2018,7,6.6,64,0.5,701,0.2,0.0,0.0,0.0,Autumn,No Holiday,Yes,741.8030381726021
16/11/2018,8,,64,0.8,683,0.6,0.03,0.0,0.0,Autumn,No Holiday,Yes,564.8510425466675
16/11/2018,9,8.2,61,0.6,586,1.1,0.26,0.0,0.0,,No Holiday,Yes,870.8388607645616
16/11/2018,10,9.4,55,0.1,570,0.7,0.49,0.0,0.0,Autumn,No Holiday,Yes,736.17851126693
16/11/2018,11,11.9,44,2.1,791,0.0,1.22,0.0,0.0,Autumn,No Holiday,Yes,704.8284414814539
16/11/2018,12,13.4,48,2.3,962,2.5,1.64,0.0,0.0,Autumn,No Holiday,Yes,902.2694874702465
16/11/2018,13,14.4,49,,890,3.8,1.71,0.0,0.0,Autumn,No Holiday,Yes,898.5004506215037
16/11/2018,14,13.3,53,2.6,761,3.9,1.34,0.0,0.0,Autumn,No Holiday,Yes,857.094829546584
16/11/2018,15,13.2,61,3.9,719,5.8,1.03,0.0,0.0,Autumn,No Holiday,Yes,682.1814295025337
16/11/2018,16,11.8,66,3.0,687,5.6,0.44,0.0,0.0,Autumn,No Holiday,Yes,645.16797638156
16/11/2018,17,11.0,70,2.9,617,5.7,0.12,0.0,0.0,Autumn,No Holiday,Yes,686.5023535647301
16/11/2018,18,9.9,74,2.6,492,5.4,0.0,0.0,0.0,Autumn,No Holiday,Yes,807.6692869756865
16/11/2018,19,8.7,78,2.5,460,5.0,0.0,0.0,0.0,Autumn,No Holiday,Yes,655.1976031849487
16/11/2018,20,,76,3.9,603,3.6,0.0,0.0,0.0,Autumn,No Holiday,Yes,727.7645256064384
16/11/2018,21,6.8,73,2.3,730,2.2,0.0,0.0,0.0,Autumn,No Holiday,Yes,480.67842929925416
16/11/2018,22,,72,1.4,848,1.5,0.0,0.0,0.0,Autumn,No Holiday,Yes,833.5756239324644
16/11/2018,23,5.0,75,1.1,835,0.9,0.0,0.0,0.0,Autumn,No Holiday,Yes,294.35233304167156
17/11/2018,0,4.2,76,2.1,870,0.3,0.0,0.0,0.0,Autumn,No Holiday,Yes,259.2285078265647
17/11/2018,1,3.4,76,0.5,909,-0.4,0.0,0.0,0.0,Autumn,No Holiday,Yes,248.07084001375074
17/11/2018,2,2.9,77,1.8,853,-0.7,0.0,0.0,0.0,Autumn,No Holiday,Yes,178.08538794634
17/11/2018,3,2.5,77,2.3,992,-1.1,0.0,0.0,0.0,Autumn,No Holiday,Yes,87.35793107398821
17/11/2018,4,1.7,74,1.7,1226,-2.4,0.0,0.0,0.0,Autumn,No Holiday,Yes,109.27154189874747
17/11/2018,5,1.1,75,0.6,1270,-2.8,0.0,0.0,0.0,Autumn,No Holiday,Yes,98.90150484735291
17/11/2018,6,1.0,77,0.6,1259,-2.5,0.0,0.0,0.0,,No Holiday,Yes,232.1244848542787
17/11/2018,7,0.8,77,0.9,1300,-2.7,0.0,0.0,0.0,Autumn,No Holiday,Yes,436.58839002913027
17/11/2018,8,0.7,72,1.0,1397,-3.7,0.05,0.0,0.0,,No Holiday,Yes,536.3093360277136
17/11/2018,9,2.2,53,0.5,1595,-6.4,0.62,0.0,0.0,Autumn,No Holiday,Yes,446.31788261194185
17/11/2018,10,4.7,47,1.2,1788,-5.6,1.22,0.0,0.0,Autumn,No Holiday,Yes,318.3007834496912
17/11/2018,11,7.8,38,0.8,1369,-5.6,1.65,0.0,0.0,Autumn,No Holiday,Yes,612.9800594160056
17/11/2018,12,9.1,34,1.0,1802,-5.9,1.95,0.0,0.0,Autumn,No Holiday,Yes,666.6632410762426
17/11/2018,13,10.9,32,2.1,1581,-5.1,1.85,0.0,0.0,Autumn,No Holiday,Yes,856.7230863357266
17/11/2018,14,9.7,34,1.9,1786,-5.4,0.8,0.0,0.0,Autumn,No Holiday,Yes,611.5208996665316
17/11/2018,15,8.9,34,2.9,1787,-6.1,0.52,0.0,0.0,,No Holiday,Yes,588.8604873470006
17/11/2018,16,8.3,35,2.1,1987,-6.2,0.37,0.0,0.0,Autumn,No Holiday,Yes,694.8499471618378
17/11/2018,17,7.7,34,2.6,2000,-7.2,0.13,0.0,0.0,Autumn,No Holiday,Yes,778.284212843507
17/11/2018,18,,40,0.6,1995,-5.6,0.01,0.0,0.0,Autumn,No Holiday,Yes,1149.0526845870593
17/11/2018,19,6.0,44,0.8,1758,-5.3,0.0,0.0,0.0,Autumn,No Holiday,Yes,691.8290753826491
17/11/2018,20,,43,2.7,1913,-6.2,0.0,0.0,0.0,Autumn,No Holiday,Yes,950.5803969110152
17/11/2018,21,5.0,42,,1927,-6.8,0.0,0.0,0.0,Autumn,No Holiday,Yes,481.2581117787422
17/11/2018,22,4.4,43,1.1,2000,-7.1,0.0,0.0,0.0,Autumn,No Holiday,Yes,458.4099697992347
17/11/2018,23,4.1,46,1.8,2000,-6.5,0.0,0.0,0.0,Autumn,No Holiday,Yes,340.0922900283925
18/11/2018,0,3.6,49,0.8,1990,-6.1,0.0,0.0,0.0,Autumn,No Holiday,Yes,248.3357854101304
18/11/2018,1,3.2,54,1.2,1968,-5.2,0.0,0.0,0.0,Autumn,No Holiday,Yes,236.97471777092935
18/11/2018,2,2.9,49,2.0,1989,-6.7,0.0,0.0,0.0,Autumn,No Holiday,Yes,185.99697186117197
18/11/2018,3,2.5,49,0.2,2000,-7.1,0.0,0.0,0.0,Autumn,No Holiday,Yes,122.63071714983157
18/11/2018,4,2.5,49,0.4,1988,-7.1,0.0,0.0,0.0,Autumn,No Holiday,Yes,49.078335863651354
18/11/2018,5,2.3,53,0.6,1763,-6.3,0.0,0.0,0.0,Autumn,No Holiday,Yes,109.77577841470608
18/11/2018,6,1.9,53,,1813,-6.6,0.0,0.0,0.0,Autumn,No Holiday,Yes,189.61262275420302
18/11/2018,7,2.1,56,0.7,1477,-5.7,0.0,0.0,0.0,,No Holiday,Yes,436.141133493536
18/11/2018,8,2.6,53,0.7,1548,-6.0,0.03,0.0,0.0,Autumn,No Holiday,Yes,610.7427298336545
18/11/2018,9,3.5,53,1.0,1338,-5.2,0.22,0.0,0.0,Autumn,No Holiday,Yes,442.2238898884159
18/11/2018,10,4.8,40,1.1,1676,-7.6,0.59,0.0,0.0,Autumn,No Holiday,Yes,285.49373389839826
18/11/2018,11,7.6,35,0.8,1695,-6.9,1.25,0.0,0.0,Autumn,No Holiday,Yes,633.0678167627412
18/11/2018,12,9.2,47,2.5,1910,-1.5,1.37,0.0,0.0,Autumn,No Holiday,Yes,672.739766421664
18/11/2018,13,9.9,37,2.1,1900,-4.1,1.32,0.0,0.0,Autumn,No Holiday,Yes,753.6320406896085
18/11/2018,14,10.1,37,2.4,1723,-3.9,1.24,0.0,0.0,,No Holiday,Yes,711.2105525852672
18/11/2018,15,,34,1.6,1806,-5.5,0.73,0.0,0.0,Autumn,No Holiday,Yes,709.5533157660919
18/11/2018,16,9.4,39,,1704,-3.8,0.56,0.0,0.0,Autumn,No Holiday,Yes,632.3500261039696
18/11/2018,17,8.7,42,1.7,1576,-3.5,0.18,0.0,0.0,Autumn,No Holiday,Yes,985.4546120419081
18/11/2018,18,8.4,46,,1823,-2.5,0.0,0.0,0.0,Autumn,No Holiday,Yes,1275.7107944248698
18/11/2018,19,7.9,45,1.0,1602,-3.3,0.0,0.0,0.0,Autumn,No Holiday,Yes,1012.1688858843579
18/11/2018,20,7.4,50,0.7,1499,-2.3,0.0,0.0,0.0,Autumn,No Holiday,Yes,928.8177306159806
18/11/2018,21,7.1,52,0.8,1516,-2.1,0.0,0.0,0.0,Autumn,No Holiday,Yes,622.3217603047779
18/11/2018,22,6.8,53,0.4,1498,-2.1,0.0,0.0,0.0,Autumn,No Holiday,Yes,601.0526699333446
18/11/2018,23,7.0,55,0.2,1501,-1.4,0.0,0.0,0.0,Autumn,No Holiday,Yes,685.8244543456897
19/11/2018,0,,56,0.7,1505,-1.3,0.0,0.0,0.0,,No Holiday,Yes,590.5368122039215
19/11/2018,1,5.9,60,0.5,1332,-1.2,0.0,0.0,0.0,,No Holiday,Yes,355.5032499641657
19/11/2018,2,5.4,65,0.7,1230,-0.6,0.0,0.0,0.0,Autumn,No Holiday,Yes,223.47134754002016
19/11/2018,3,4.8,65,,1179,-1.2,0.0,0.0,0.0,Autumn,No Holiday,Yes,140.64591192507078
19/11/2018,4,4.5,67,,1175,-1.1,0.0,0.0,0.0,Autumn,No Holiday,Yes,114.79793240769206
19/11/2018,5,4.1,70,1.0,1100,-0.8,0.0,0.0,0.0,Autumn,No Holiday,Yes,104.25288543875976
19/11/2018,6,3.8,71,0.7,1071,-0.9,0.0,0.0,0.0,Autumn,No Holiday,Yes,232.06632385079237
19/11/2018,7,3.4,73,1.1,1012,-0.9,0.0,0.0,0.0,,No Holiday,Yes,535.5037999850023
19/11/2018,8,3.5,71,0.8,958,-1.2,0.06,0.0,0.0,,No Holiday,Yes,703.8912442161413
19/11/2018,9,4.6,60,0.8,967,-2.5,0.46,0.0,0.0,Autumn,No Holiday,Yes,515.1985532376427
19/11/2018,10,7.5,53,0.8,909,-1.4,1.0,0.0,0.0,Autumn,No Holiday,Yes,447.50280003661237
19/11/2018,11,9.8,51,0.5,781,0.1,1.42,0.0,0.0,Autumn,No Holiday,Yes,688.472153648127
19/11/2018,12,10.3,38,1.2,1130,-3.4,1.08,0.0,0.0,Autumn,No Holiday,Yes,706.8887896733481
19/11/2018,13,,44,2.0,935,-0.9,1.01,0.0,0.0,Autumn,No Holiday,Yes,626.1507746748268
19/11/2018,14,10.6,34,2.8,920,-4.6,1.07,0.0,0.0,Autumn,No Holiday,Yes,915.5979737448893
19/11/2018,15,11.1,35,1.9,861,-3.8,1.11,0.0,0.0,Autumn,No Holiday,Yes,955.5193505126421
19/11/2018,16,9.7,43,2.7,1012,-2.2,0.37,0.0,0.0,Autumn,No Holiday,Yes,625.3551008403244
19/11/2018,17,8.7,48,1.7,965,-1.7,0.25,0.0,0.0,Autumn,No Holiday,Yes,892.81890740671
19/11/2018,18,7.5,48,2.4,1079,-2.8,0.0,0.0,0.0,,No Holiday,Yes,1041.3329825143078
19/11/2018,19,6.8,52,0.8,960,-2.3,0.0,0.0,0.0,Autumn,No Holiday,Yes,700.4554507004502
19/11/2018,20,6.0,50,1.5,931,-3.6,0.0,0.0,0.0,Autumn,No Holiday,Yes,639.5697534477786
19/11/2018,21,5.8,44,2.2,1205,-5.5,0.0,0.0,0.0,Autumn,No Holiday,Yes,584.4914077320717
19/11/2018,22,5.3,39,2.3,1512,-7.5,0.0,0.0,0.0,Autumn,No Holiday,Yes,415.1500757761417
19/11/2018,23,4.2,42,2.2,1360,-7.6,0.0,0.0,0.0,Autumn,No Holiday,Yes,278.6370971882683
20/11/2018,0,3.8,42,1.7,1458,-7.9,0.0,0.0,0.0,Autumn,No Holiday,Yes,273.5071226770814
20/11/2018,1,2.9,43,1.0,1750,-8.4,0.0,0.0,0.0,Autumn,No Holiday,Yes,202.8145584407289
20/11/2018,2,,46,1.5,1811,-7.8,0.0,0.0,0.0,Autumn,No Holiday,Yes,266.8658911318448
20/11/2018,3,1.6,43,,1981,-9.6,0.0,0.0,0.0,Autumn,No Holiday,Yes,139.87094470965204
20/11/2018,4,1.3,48,0.5,2000,-8.5,0.0,0.0,0.0,Autumn,No Holiday,Yes,105.59235882566587
20/11/2018,5,0.7,49,0.4,1998,-8.8,0.0,0.0,0.0,Autumn,No Holiday,Yes,37.043189829942904
20/11/2018,6,0.7,50,1.0,2000,-8.5,0.0,0.0,0.0,Autumn,No Holiday,Yes,186.4116300232674
20/11/2018,7,0.5,53,1.1,2000,-7.9,0.0,0.0,0.0,Autumn,No Holiday,Yes,328.44562814645263
20/11/2018,8,0.3,53,0.9,1971,-8.1,0.05,0.0,0.0,Autumn,No Holiday,Yes,559.5485832594622
20/11/2018,9,2.3,43,1.2,1892,-9.0,0.52,0.0,0.0,Autumn,No Holiday,Yes,336.9709010134907
20/11/2018,10,5.1,33,1.4,1842,-9.8,1.1,0.0,0.0,,No Holiday,Yes,417.88071611265246
20/11/2018,11,7.5,29,1.3,1926,-9.4,1.55,0.0,0.0,Autumn,No Holiday,Yes,551.8849677853003
20/11/2018,12,10.1,23,1.8,1745,-10.1,1.82,0.0,0.0,Autumn,No Holiday,Yes,657.5729833373623
20/11/2018,13,11.6,20,1.3,1821,-10.6,1.87,0.0,0.0,Autumn,No Holiday,Yes,871.0294634286821
20/11/2018,14,12.3,16,2.5,1797,-12.8,1.69,0.0,0.0,Autumn,No Holiday,Yes,990.8318791066239
20/11/2018,15,11.9,18,3.3,1848,-11.7,1.32,0.0,0.0,,No Holiday,Yes,987.7835166507791
20/11/2018,16,11.3,21,2.8,1925,-10.2,0.82,0.0,0.0,Autumn,No Holiday,Yes,967.6230847985147
20/11/2018,17,9.8,28,2.4,1983,-7.8,0.29,0.0,0.0,Autumn,No Holiday,Yes,925.8719670204181
20/11/2018,18,9.1,31,2.0,1932,-7.1,0.0,0.0,0.0,Autumn,No Holiday,Yes,1237.1090271601392
20/11/2018,19,8.7,34,2.2,1857,-6.3,0.0,0.0,0.0,Autumn,No Holiday,Yes,837.8286377798995
20/11/2018,20,,32,2.6,1789,-7.2,0.0,0.0,0.0,Autumn,No Holiday,Yes,902.5064572263635
20/11/2018,21,,37,3.8,1750,-5.1,0.0,0.0,0.0,Autumn,No Holiday,Yes,960.4093127624836
20/11/2018,22,8.9,40,3.4,1810,-3.9,0.0,0.0,0.0,,No Holiday,Yes,703.1138111943313
20/11/2018,23,9.3,43,3.5,1807,-2.6,0.0,0.0,0.0,Autumn,No Holiday,Yes,795.9937965720881
21/11/2018,0,7.2,74,1.2,772,2.8,0.0,0.2,0.0,Autumn,No Holiday,Yes,280.11590717311753
21/11/2018,1,6.9,86,0.7,533,4.7,0.0,0.0,0.0,Autumn,No Holiday,Yes,273.23732392439285
21/11/2018,2,6.9,87,0.7,822,4.8,0.0,0.0,0.0,Autumn,No Holiday,Yes,192.0777762052712
21/11/2018,3,6.5,87,1.0,710,4.4,0.0,1.0,0.0,Autumn,No Holiday,Yes,53.227311219585616
21/11/2018,4,,87,1.2,580,4.6,0.0,0.0,0.0,Autumn,No Holiday,Yes,148.41343033044507
21/11/2018,5,6.8,86,0.5,692,4.6,0.0,0.0,0.0,Autumn,No Holiday,Yes,104.74813984173875
21/11/2018,6,6.7,86,0.3,593,4.5,0.0,0.0,0.0,Autumn,No Holiday,Yes,245.72994838481225
21/11/2018,7,6.5,85,0.8,536,4.1,0.0,0.0,0.0,Autumn,No Holiday,Yes,412.84912781063065
21/11/2018,8,6.4,86,0.9,450,4.2,0.03,0.0,0.0,Autumn,No Holiday,Yes,471.439153684708
21/11/2018,9,6.4,53,0.7,1486,-2.5,0.21,0.0,0.0,Autumn,No Holiday,Yes,619.5875018129757
21/11/2018,10,6.9,39,0.5,1977,-6.1,0.36,0.0,0.0,Autumn,No Holiday,Yes,449.54637111899075
21/11/2018,11,7.4,30,1.4,2000,-9.0,0.44,0.0,0.0,Autumn,No Holiday,Yes,544.9976898203645
21/11/2018,12,7.7,34,0.6,1969,-7.2,0.49,0.0,0.0,Autumn,No Holiday,Yes,532.5170969953984
21/11/2018,13,,35,1.3,1895,-6.5,0.5,0.0,0.0,Autumn,No Holiday,Yes,557.0574661507189
21/11/2018,14,6.7,47,2.4,2000,-3.8,0.42,0.0,0.0,Autumn,No Holiday,Yes,456.8402781115876
21/11/2018,15,5.7,53,2.0,2000,-3.1,0.22,0.0,0.0,Autumn,No Holiday,Yes,315.94083067251466
21/11/2018,16,6.1,53,0.5,2000,-2.7,0.21,0.0,0.0,Autumn,No Holiday,Yes,377.3178291440508
21/11/2018,17,5.7,61,2.2,1987,-1.2,0.07,0.0,0.0,Autumn,No Holiday,Yes,456.00206534895085
21/11/2018,18,,58,0.2,2000,-2.2,0.0,0.0,0.0,Autumn,No Holiday,Yes,979.9491607628372
21/11/2018,19,5.1,50,0.7,2000,-4.4,0.0,0.0,0.0,Autumn,No Holiday,Yes,615.1578561747015
21/11/2018,20,5.1,43,0.7,1928,-6.4,0.0,0.0,0.0,Autumn,No Holiday,Yes,568.6028805549278
21/11/2018,21,4.6,44,1.1,1859,-6.6,0.0,0.0,0.0,Autumn,No Holiday,Yes,491.67649287787526
21/11/2018,22,4.6,48,2.2,1782,-5.4,0.0,0.0,0.0,Autumn,No Holiday,Yes,374.28194228280256
21/11/2018,23,3.9,46,2.0,1904,-6.6,0.0,0.0,0.0,Autumn,No Holiday,Yes,281.073624176591
22/11/2018,0,3.1,42,3.4,1995,-8.5,0.0,0.0,0.0,Autumn,No Holiday,Yes,258.33168783380336
22/11/2018,1,2.1,39,3.2,1299,-10.4,0.0,0.0,0.0,Autumn,No Holiday,Yes,145.34784420472175
22/11/2018,2,1.3,44,1.9,2000,-9.6,0.0,0.0,0.0,Autumn,No Holiday,Yes,147.17214567026252
22/11/2018,3,0.6,42,1.1,2000,-10.8,0.0,0.0,0.0,,No Holiday,Yes,120.55235405098514
22/11/2018,4,0.5,39,1.6,2000,-11.8,0.0,0.0,0.0,Autumn,No Holiday,Yes,48.12271320812908
22/11/2018,5,-0.4,39,0.8,2000,-12.6,0.0,0.0,0.0,Autumn,No Holiday,Yes,39.00517809326962
22/11/2018,6,-1.0,41,0.7,2000,-12.6,0.0,0.0,0.0,Autumn,No Holiday,Yes,165.93792173407044
22/11/2018,7,-1.0,43,1.8,2000,-12.0,0.0,0.0,0.0,Autumn,No Holiday,Yes,331.672228994714
22/11/2018,8,-1.2,33,,2000,-15.4,0.04,0.0,0.0,Autumn,No Holiday,Yes,462.7169964825828
22/11/2018,9,0.2,28,1.9,1932,-16.2,0.57,0.0,0.0,Autumn,No Holiday,Yes,300.7165060781168
22/11/2018,10,2.9,22,2.0,1989,-16.7,1.18,0.0,0.0,Autumn,No Holiday,Yes,266.2993880809763
22/11/2018,11,,21,3.2,1965,-15.4,1.63,0.0,0.0,Autumn,No Holiday,Yes,448.160253568449
22/11/2018,12,5.9,23,2.8,1985,-13.7,1.88,0.0,0.0,Autumn,No Holiday,Yes,529.4825503066749
22/11/2018,13,6.5,26,2.4,1974,-11.6,1.84,0.0,0.0,,No Holiday,Yes,540.3064834174829
22/11/2018,14,6.7,27,3.1,1976,-11.0,1.66,0.0,0.0,Autumn,No Holiday,Yes,489.5274495689002
22/11/2018,15,6.9,31,2.9,1982,-9.1,1.21,0.0,0.0,Autumn,No Holiday,Yes,530.2069478390146
22/11/2018,16,5.9,34,2.9,1985,-8.7,0.55,0.0,0.0,Autumn,No Holiday,Yes,435.0333529643248
22/11/2018,17,4.9,41,3.3,1985,-7.2,0.25,0.0,0.0,Autumn,No Holiday,Yes,493.5988820318279
22/11/2018,18,4.1,46,2.7,2000,-6.5,0.01,0.0,0.0,Autumn,No Holiday,Yes,628.8713569783883
22/11/2018,19,3.6,48,,2000,-6.4,0.0,0.0,0.0,Autumn,No Holiday,Yes,448.3971177003007
22/11/2018,20,3.1,42,2.4,2000,-8.5,0.0,0.0,0.0,,No Holiday,Yes,432.40785953108644
22/11/2018,21,2.2,28,3.2,2000,-14.4,0.0,0.0,0.0,Autumn,No Holiday,Yes,298.99122910922887
22/11/2018,22,1.1,33,2.5,2000,-13.4,0.0,0.0,0.0,Autumn,No Holiday,Yes,272.2225758479469
22/11/2018,23,0.4,37,2.9,2000,-12.6,0.0,0.0,0.0,Autumn,No Holiday,Yes,164.1431425971309
23/11/2018,0,,41,3.1,2000,-11.9,0.0,0.0,0.0,Autumn,No Holiday,Yes,514.2174168310044
23/11/2018,1,-0.6,44,2.3,2000,-11.3,0.0,0.0,0.0,Autumn,No Holiday,Yes,159.1133745371437
23/11/2018,2,-1.0,43,3.1,2000,-12.0,0.0,0.0,0.0,Autumn,No Holiday,Yes,149.67504378810912
23/11/2018,3,-1.2,45,1.1,2000,-11.6,0.0,0.0,0.0,Autumn,No Holiday,Yes,117.54742939373249
23/11/2018,4,-2.0,42,0.7,2000,-13.2,0.0,0.0,0.0,Autumn,No Holiday,Yes,81.5646812061009
23/11/2018,5,-2.4,37,0.5,2000,-15.1,0.0,0.0,0.0,Autumn,No Holiday,Yes,121.79852209442583
23/11/2018,6,-2.6,40,1.4,2000,-14.3,0.0,0.0,0.0,Autumn,No Holiday,Yes,130.44827778561728
23/11/2018,7,-2.8,42,1.3,2000,-13.9,0.0,0.0,0.0,Autumn,No Holiday,Yes,289.4021201966709
23/11/2018,8,-3.0,43,1.1,2000,-13.8,0.03,0.0,0.0,,No Holiday,Yes,497.76473061713943
23/11/2018,9,-1.5,33,0.9,1962,-15.7,0.57,0.0,0.0,Autumn,No Holiday,Yes,252.51399419694582
23/11/2018,10,,27,0.9,1856,-15.6,1.13,0.0,0.0,Autumn,No Holiday,Yes,454.7293665629546
23/11/2018,11,4.3,25,2.0,1958,-14.0,1.56,0.0,0.0,,No Holiday,Yes,346.6275427496021
23/11/2018,12,5.5,20,1.4,1992,-15.7,1.85,0.0,0.0,Autumn,No Holiday,Yes,424.07960492815903
23/11/2018,13,6.5,18,2.2,1984,-16.1,1.94,0.0,0.0,Autumn,No Holiday,Yes,426.54427467802634
23/11/2018,14,6.3,16,2.9,2000,-17.7,1.67,0.0,0.0,Autumn,No Holiday,Yes,457.2533973763278
23/11/2018,15,6.4,16,2.0,2000,-17.6,1.01,0.0,0.0,Autumn,No Holiday,Yes,510.28231935963026
23/11/2018,16,6.3,17,1.5,2000,-17.0,0.73,0.0,0.0,Autumn,No Holiday,Yes,469.107415026773
23/11/2018,17,5.4,19,0.5,2000,-16.4,0.27,0.0,0.0,Autumn,No Holiday,Yes,506.8388071657363
23/11/2018,18,3.9,23,1.0,2000,-15.4,0.0,0.0,0.0,Autumn,No Holiday,Yes,598.4225534858941
23/11/2018,19,2.9,26,1.1,2000,-14.7,0.0,0.0,0.0,Autumn,No Holiday,Yes,381.0177187956412
23/11/2018,20,2.7,27,,2000,-14.4,0.0,0.0,0.0,Autumn,No Holiday,Yes,339.1570005659883
23/11/2018,21,2.2,28,0.8,2000,-14.4,0.0,0.0,0.0,Autumn,No Holiday,Yes,321.323847678638
23/11/2018,22,2.0,30,1.3,1995,-13.8,0.0,0.0,0.0,Autumn,No Holiday,Yes,324.6554251804679
23/11/2018,23,2.1,32,1.5,1998,-12.9,0.0,0.0,0.0,Autumn,No Holiday,Yes,262.4124416972807
24/11/2018,0,2.4,32,1.7,2000,-12.6,0.0,0.0,0.0,Autumn,No Holiday,Yes,215.979441753397
24/11/2018,1,2.4,30,1.3,2000,-13.4,0.0,0.0,0.0,Autumn,No Holiday,Yes,168.36443021681598
24/11/2018,2,2.5,29,1.8,2000,-13.7,0.0,0.0,0.0,Autumn,No Holiday,Yes,157.84330032657115
24/11/2018,3,2.8,28,,2000,-13.9,0.0,0.0,0.0,Autumn,No Holiday,Yes,123.63740227740722
24/11/2018,4,3.0,26,1.6,2000,-14.6,0.0,0.0,0.0,,No Holiday,Yes,98.84561635707276
24/11/2018,5,3.2,27,1.6,2000,-14.0,0.0,0.0,0.0,Autumn,No Holiday,Yes,96.06896704337106
24/11/2018,6,3.7,25,2.3,2000,-14.5,0.0,0.0,0.0,Autumn,No Holiday,Yes,235.79238570493905
24/11/2018,7,1.2,87,1.9,77,-0.7,0.0,0.0,1.3,Autumn,No Holiday,Yes,177.0594961585179
24/11/2018,8,0.4,96,3.1,33,-0.1,0.0,0.0,4.0,Autumn,No Holiday,Yes,207.62252780866692
24/11/2018,9,0.3,97,3.0,34,-0.1,0.0,9.1,7.1,Autumn,No Holiday,Yes,23.451626695382963
24/11/2018,10,0.4,97,,207,0.0,0.0,0.0,8.8,Autumn,No Holiday,Yes,85.98818460150001
24/11/2018,11,1.2,97,2.3,975,0.7,0.07,0.0,8.8,Autumn,No Holiday,Yes,32.336945486843874
24/11/2018,12,2.5,84,,1538,0.0,0.4,1.8,7.0,Autumn,No Holiday,Yes,24.469446155348507
24/11/2018,13,,83,1.9,1774,0.0,0.84,0.0,6.0,Autumn,No Holiday,Yes,304.2166254915215
24/11/2018,14,3.0,82,1.7,1589,0.2,0.55,0.0,5.0,Autumn,No Holiday,Yes,111.46429900553456
24/11/2018,15,3.7,78,2.0,1314,0.2,0.81,0.0,4.1,Autumn,No Holiday,Yes,211.22559073295247
24/11/2018,16,3.5,82,1.6,1092,0.7,0.51,0.0,3.6,Autumn,No Holiday,Yes,135.97344314369616
24/11/2018,17,2.9,85,,1000,0.6,0.2,0.0,3.5,Autumn,No Holiday,Yes,33.861636324284135
24/11/2018,18,2.6,86,,834,0.4,0.0,0.0,3.5,Autumn,No Holiday,Yes,177.86970113342332
24/11/2018,19,2.6,85,1.2,797,0.3,0.0,0.0,3.3,Autumn,No Holiday,Yes,121.44164492536419
24/11/2018,20,2.6,86,,676,0.4,0.0,0.0,3.3,Autumn,No Holiday,Yes,101.01996286496984
24/11/2018,21,2.6,85,1.1,674,0.3,0.0,0.0,3.2,Autumn,No Holiday,Yes,101.41257694896294
24/11/2018,22,2.7,85,1.1,580,0.4,0.0,0.0,3.2,,No Holiday,Yes,96.51663879318082
24/11/2018,23,2.8,86,1.2,476,0.6,0.0,0.0,3.0,Autumn,No Holiday,Yes,76.30472424018903
25/11/2018,0,2.7,86,1.2,422,0.5,0.0,0.0,3.0,Autumn,No Holiday,Yes,116.84229835329259
25/11/2018,1,2.7,86,1.0,460,0.5,0.0,0.0,2.9,Autumn,No Holiday,Yes,115.51994393871867
25/11/2018,2,2.8,86,0.8,402,0.6,0.0,0.0,2.9,Autumn,No Holiday,Yes,86.08227777601364
25/11/2018,3,,88,0.9,319,0.8,0.0,0.0,2.8,Autumn,No Holiday,Yes,191.53572192185385
25/11/2018,4,2.4,89,0.7,321,0.7,0.0,0.0,2.6,Autumn,No Holiday,Yes,5.7845135523569935
25/11/2018,5,2.1,94,0.4,248,1.2,0.0,0.0,2.5,Autumn,No Holiday,Yes,16.54727825964961
25/11/2018,6,1.7,95,0.7,220,0.9,0.0,0.0,2.5,Autumn,No Holiday,Yes,56.322690055645474
25/11/2018,7,1.3,96,0.9,198,0.7,0.0,0.0,2.5,Autumn,No Holiday,Yes,162.5612919750159
25/11/2018,8,1.4,96,1.0,212,0.8,0.04,0.0,2.5,Autumn,No Holiday,Yes,284.3705077809677
25/11/2018,9,2.3,88,1.1,286,0.5,0.41,0.0,2.5,Autumn,No Holiday,Yes,239.83760765948327
25/11/2018,10,,76,,404,0.1,0.93,0.0,2.4,Autumn,No Holiday,Yes,504.86119628457055
25/11/2018,11,,66,0.9,573,0.1,1.37,0.0,2.3,Autumn,No Holiday,Yes,551.7639594308262
25/11/2018,12,6.9,59,0.9,669,-0.5,1.31,0.0,2.2,Autumn,No Holiday,Yes,461.74209652616923
25/11/2018,13,8.8,53,1.5,778,-0.2,1.43,0.0,1.8,Autumn,No Holiday,Yes,575.8038813569945
25/11/2018,14,9.2,52,1.3,765,-0.1,1.01,0.0,1.3,Autumn,No Holiday,Yes,594.1351645827908
25/11/2018,15,9.5,54,1.3,675,0.6,0.76,0.0,1.1,Autumn,No Holiday,Yes,534.6403660257712
25/11/2018,16,9.5,56,,678,1.1,0.54,0.0,0.8,,No Holiday,Yes,585.4007756915948
25/11/2018,17,9.0,59,0.7,677,1.4,0.1,0.0,0.4,Autumn,No Holiday,Yes,918.3254615086486
25/11/2018,18,7.3,72,,530,2.5,0.0,0.0,0.4,Autumn,No Holiday,Yes,650.9331020294716
25/11/2018,19,6.3,73,1.1,524,1.8,0.0,0.0,0.4,,No Holiday,Yes,444.5739133264174
25/11/2018,20,5.5,77,0.7,490,1.7,0.0,0.0,0.4,Autumn,No Holiday,Yes,454.93251954613476
25/11/2018,21,,81,1.0,437,1.7,0.0,0.0,0.4,Autumn,No Holiday,Yes,891.3107484732685
25/11/2018,22,4.2,82,0.9,405,1.3,0.0,0.0,0.4,Autumn,No Holiday,Yes,183.238136519068
25/11/2018,23,3.8,83,1.1,390,1.1,0.0,0.0,0.4,Autumn,No Holiday,Yes,114.76298713769253
26/11/2018,0,3.3,85,1.1,351,1.0,0.0,0.0,0.3,Autumn,No Holiday,Yes,134.77280820587225
26/11/2018,1,3.1,84,1.0,365,0.6,0.0,0.0,0.3,Autumn,No Holiday,Yes,134.02207040257454
26/11/2018,2,2.8,87,,321,0.8,0.0,0.0,0.3,Autumn,No Holiday,Yes,99.12268556485921
26/11/2018,3,2.4,90,,269,0.9,0.0,0.0,0.3,Autumn,No Holiday,Yes,60.66137733641477
26/11/2018,4,2.2,93,1.1,265,1.1,0.0,0.0,0.3,Autumn,No Holiday,Yes,-35.41138642193053
26/11/2018,5,2.1,88,1.4,323,0.3,0.0,0.0,0.3,Autumn,No Holiday,Yes,27.783119494655516
26/11/2018,6,1.8,88,1.1,313,0.0,0.0,0.0,0.3,Autumn,No Holiday,Yes,62.5557755241725
26/11/2018,7,1.7,89,1.3,295,0.0,0.0,0.0,0.3,Autumn,No Holiday,Yes,164.38977774592615
26/11/2018,8,2.0,84,,396,-0.4,0.03,0.0,0.3,Autumn,No Holiday,Yes,289.1550219107062
26/11/2018,9,3.1,77,0.9,457,-0.5,0.4,0.0,0.2,Autumn,No Holiday,Yes,541.257084592986
26/11/2018,10,5.1,70,1.2,498,0.0,0.93,0.0,0.0,Autumn,No Holiday,Yes,465.73560539362734
26/11/2018,11,7.2,66,1.5,542,1.2,1.41,0.0,0.0,Autumn,No Holiday,Yes,436.8503051733459
26/11/2018,12,9.1,57,1.1,562,1.0,1.69,0.0,0.0,Autumn,No Holiday,Yes,616.5327278311427
26/11/2018,13,,50,1.4,609,1.6,1.74,0.0,0.0,Autumn,No Holiday,Yes,579.1899498631894
26/11/2018,14,12.8,47,1.2,648,1.7,1.59,0.0,0.0,Autumn,No Holiday,Yes,929.9418157154691
26/11/2018,15,13.2,43,,714,0.8,1.26,0.0,0.0,Autumn,No Holiday,Yes,978.6284057939372
26/11/2018,16,13.2,44,1.6,710,1.1,0.76,0.0,0.0,Autumn,No Holiday,Yes,1092.5599041016806
26/11/2018,17,,48,0.4,706,0.7,0.24,0.0,0.0,Autumn,No Holiday,Yes,682.518570762702
26/11/2018,18,9.5,56,0.5,628,1.1,0.0,0.0,0.0,,No Holiday,Yes,1269.211349828194
26/11/2018,19,8.4,61,0.3,573,1.3,0.0,0.0,0.0,Autumn,No Holiday,Yes,959.7538893488951
26/11/2018,20,7.3,66,0.5,516,1.3,0.0,0.0,0.0,,No Holiday,Yes,595.755509614998
26/11/2018,21,6.7,71,0.9,461,1.8,0.0,0.0,0.0,Autumn,No Holiday,Yes,473.7762126194405
26/11/2018,22,6.2,70,0.4,474,1.1,0.0,0.0,0.0,Autumn,No Holiday,Yes,530.5618507348613
26/11/2018,23,,78,1.5,404,1.8,0.0,0.0,0.0,Autumn,No Holiday,Yes,682.9533595418815
27/11/2018,0,4.9,79,0.5,391,1.5,0.0,0.0,0.0,Autumn,No Holiday,Yes,290.26517677182113
27/11/2018,1,4.5,82,0.4,350,1.6,0.0,0.0,0.0,Autumn,No Holiday,Yes,202.23343029158397
27/11/2018,2,3.9,85,0.8,299,1.6,0.0,0.0,0.0,Autumn,No Holiday,Yes,133.08725471936918
27/11/2018,3,3.5,86,1.4,281,1.3,0.0,0.0,0.0,Autumn,No Holiday,Yes,111.98592959311141
27/11/2018,4,3.1,88,,270,1.2,0.0,0.0,0.0,Autumn,No Holiday,Yes,36.49075640203186
27/11/2018,5,,84,0.6,315,1.1,0.0,0.0,0.0,Autumn,No Holiday,Yes,144.3751203509619
27/11/2018,6,3.8,83,0.7,337,1.1,0.0,0.0,0.0,Autumn,No Holiday,Yes,132.43032499074445
27/11/2018,7,3.6,83,0.9,350,0.9,0.0,0.0,0.0,Autumn,No Holiday,Yes,217.82669747527572
27/11/2018,8,4.2,78,1.2,362,0.6,0.02,0.0,0.0,Autumn,No Holiday,Yes,578.0506808019715
27/11/2018,9,5.0,75,0.3,390,0.9,0.12,0.0,0.0,Autumn,No Holiday,Yes,450.3261924612506
27/11/2018,10,,71,1.0,385,1.5,0.37,0.0,0.0,Autumn,No Holiday,Yes,348.8510516678757
27/11/2018,11,7.9,64,1.2,383,1.4,0.87,0.0,0.0,,No Holiday,Yes,611.2061000157527
27/11/2018,12,9.3,61,,390,2.1,0.85,0.0,0.0,Autumn,No Holiday,Yes,563.373074703206
27/11/2018,13,11.0,60,,411,3.5,0.85,0.0,0.0,Autumn,No Holiday,Yes,677.1579676997056
27/11/2018,14,11.6,70,1.5,388,6.3,0.45,0.0,0.0,Autumn,No Holiday,Yes,623.438814452405
27/11/2018,15,12.5,70,2.1,360,7.1,0.68,0.0,0.0,Autumn,No Holiday,Yes,749.8594698508516
27/11/2018,16,12.0,74,2.1,316,7.5,0.29,0.0,0.0,Autumn,No Holiday,Yes,451.99406848095947
27/11/2018,17,11.1,72,2.3,277,6.2,0.12,0.0,0.0,,No Holiday,Yes,690.6706936723112
27/11/2018,18,10.2,74,1.2,289,5.7,0.0,0.0,0.0,Autumn,No Holiday,Yes,845.44698401908
27/11/2018,19,9.3,52,2.7,482,0.0,0.0,0.0,0.0,Autumn,No Holiday,Yes,1053.7979812812498
27/11/2018,20,8.3,39,1.6,560,-4.8,0.0,0.0,0.0,Autumn,No Holiday,Yes,857.9400975980346
27/11/2018,21,7.5,35,1.8,656,-7.0,0.0,0.0,0.0,Autumn,No Holiday,Yes,675.0662384993594
27/11/2018,22,6.6,33,2.1,722,-8.5,0.0,0.0,0.0,Autumn,No Holiday,Yes,461.96832612787716
27/11/2018,23,5.8,34,2.6,763,-8.8,0.0,0.0,0.0,Autumn,No Holiday,Yes,342.8346995225284
28/11/2018,0,5.1,36,2.2,774,-8.7,0.0,0.0,0.0,Autumn,No Holiday,Yes,299.8234300438541
28/11/2018,1,4.9,26,2.6,992,-13.0,0.0,0.0,0.0,Autumn,No Holiday,Yes,203.03223581983332
28/11/2018,2,4.1,34,1.3,928,-10.3,0.0,0.0,0.0,Autumn,No Holiday,Yes,170.62788584285417
28/11/2018,3,3.5,38,1.6,907,-9.5,0.0,0.0,0.0,Autumn,No Holiday,Yes,95.05333597220645
28/11/2018,4,3.9,26,2.4,1071,-13.9,0.0,0.0,0.0,Autumn,No Holiday,Yes,96.71654774174445
28/11/2018,5,3.0,34,1.1,1032,-11.3,0.0,0.0,0.0,Autumn,No Holiday,Yes,101.72768876793793
28/11/2018,6,2.6,33,1.5,1185,-12.0,0.0,0.0,0.0,Autumn,No Holiday,Yes,192.26202500916386
28/11/2018,7,2.5,24,,1306,-16.0,0.0,0.0,0.0,,No Holiday,Yes,445.7182684175218
28/11/2018,8,,29,1.1,1337,-14.1,0.02,0.0,0.0,,No Holiday,Yes,672.5104050642875
28/11/2018,9,3.0,30,1.3,1242,-12.9,0.3,0.0,0.0,,No Holiday,Yes,385.8703750622243
28/11/2018,10,4.4,23,1.6,1201,-14.9,0.7,0.0,0.0,Autumn,No Holiday,Yes,338.80860495160215
28/11/2018,11,5.7,15,1.1,1419,-19.0,0.98,0.0,0.0,Autumn,No Holiday,Yes,357.80187142453013
28/11/2018,12,7.9,14,1.7,1688,-18.0,1.81,0.0,0.0,Autumn,No Holiday,Yes,525.7844481614134
28/11/2018,13,9.2,13,1.6,1776,-17.8,1.86,0.0,0.0,Autumn,No Holiday,Yes,614.1692349025715
28/11/2018,14,,14,1.1,1880,-16.1,1.7,0.0,0.0,,No Holiday,Yes,632.5503016332243
28/11/2018,15,10.5,16,2.7,1509,-14.3,1.29,0.0,0.0,Autumn,No Holiday,Yes,904.4629537695457
28/11/2018,16,9.6,17,3.0,1706,-14.3,0.77,0.0,0.0,Autumn,No Holiday,Yes,524.6202228792444
28/11/2018,17,7.6,23,2.9,1678,-12.2,0.25,0.0,0.0,,No Holiday,Yes,792.5563058753918
28/11/2018,18,6.3,25,2.0,1653,-12.3,0.0,0.0,0.0,Autumn,No Holiday,Yes,789.1984553890723
28/11/2018,19,6.0,24,3.0,1861,-13.0,0.0,0.0,0.0,Autumn,No Holiday,Yes,581.1499617178326
28/11/2018,20,4.8,29,0.6,1756,-11.7,0.0,0.0,0.0,Autumn,No Holiday,Yes,459.68056025251377
28/11/2018,21,4.2,31,1.1,1741,-11.4,0.0,0.0,0.0,Autumn,No Holiday,Yes,424.98740429807873
28/11/2018,22,3.2,34,,1787,-11.1,0.0,0.0,0.0,Autumn,No Holiday,Yes,351.2684009248364
28/11/2018,23,2.9,31,1.7,1869,-12.6,0.0,0.0,0.0,Autumn,No Holiday,Yes,252.3234904268849
29/11/2018,0,2.2,30,0.7,1879,-13.6,0.0,0.0,0.0,Autumn,No Holiday,Yes,206.62979986463347
29/11/2018,1,1.9,32,1.4,1999,-13.0,0.0,0.0,0.0,Autumn,No Holiday,Yes,168.75688844694068
29/11/2018,2,2.1,28,0.4,1981,-14.5,0.0,0.0,0.0,Autumn,No Holiday,Yes,96.93993231505424
29/11/2018,3,1.9,33,0.9,1994,-12.7,0.0,0.0,0.0,Autumn,No Holiday,Yes,123.63885479930254
29/11/2018,4,2.1,33,0.5,1981,-12.5,0.0,0.0,0.0,Autumn,No Holiday,Yes,99.1855499784791
29/11/2018,5,1.8,34,0.9,1990,-12.4,0.0,0.0,0.0,Autumn,No Holiday,Yes,97.47580646120977
29/11/2018,6,1.1,39,1.3,1857,-11.3,0.0,0.0,0.0,Autumn,No Holiday,Yes,128.9388714978159
29/11/2018,7,0.8,41,0.6,1298,-10.9,0.0,0.0,0.0,Autumn,No Holiday,Yes,322.27160200106067
29/11/2018,8,0.8,44,1.7,1439,-10.0,0.02,0.0,0.0,Autumn,No Holiday,Yes,515.8792451009504
29/11/2018,9,1.8,37,0.9,1310,-11.3,0.31,0.0,0.0,Autumn,No Holiday,Yes,382.7753869841369
29/11/2018,10,3.9,28,0.6,1627,-12.9,0.49,0.0,0.0,Autumn,No Holiday,Yes,314.6218155615337
29/11/2018,11,5.2,26,0.5,1471,-12.7,0.64,0.0,0.0,Autumn,No Holiday,Yes,395.9182676092863
29/11/2018,12,5.6,27,0.3,1522,-11.9,0.34,0.0,0.0,Autumn,No Holiday,Yes,326.98153918184676
29/11/2018,13,,26,2.1,1604,-12.7,0.21,0.0,0.0,Autumn,No Holiday,Yes,491.6149177720278
29/11/2018,14,6.0,27,0.6,1452,-11.6,0.34,0.0,0.0,Autumn,No Holiday,Yes,358.1017080232437
29/11/2018,15,6.5,32,2.6,1321,-9.0,0.35,0.0,0.0,Autumn,No Holiday,Yes,430.4924961294127
29/11/2018,16,5.8,39,2.6,1489,-7.1,0.1,0.0,0.0,Autumn,No Holiday,Yes,412.01269174631506
29/11/2018,17,5.8,38,1.3,1674,-7.4,0.01,0.0,0.0,Autumn,No Holiday,Yes,549.528272850292
29/11/2018,18,,46,0.9,1566,-4.8,0.0,0.0,0.0,Autumn,No Holiday,Yes,1051.167663782096
29/11/2018,19,,48,1.9,1590,-4.9,0.0,0.0,0.0,Autumn,No Holiday,Yes,950.5955330806753
29/11/2018,20,,54,1.3,1434,-4.3,0.0,0.0,0.0,Autumn,No Holiday,Yes,938.9392991901476
29/11/2018,21,3.8,55,,1231,-4.4,0.0,0.0,0.0,Autumn,No Holiday,Yes,450.90838027290516
29/11/2018,22,3.0,59,1.1,1218,-4.2,0.0,0.0,0.0,Autumn,No Holiday,Yes,411.46218650893115
29/11/2018,23,,56,1.9,1394,-5.3,0.0,0.0,0.0,Autumn,No Holiday,Yes,667.5946622562624
30/11/2018,0,1.8,62,1.6,1411,-4.7,0.0,0.0,0.0,,No Holiday,Yes,210.4868408073727
30/11/2018,1,1.3,63,2.0,1379,-4.9,0.0,0.0,0.0,Autumn,No Holiday,Yes,195.92808633841713
30/11/2018,2,0.6,66,0.5,1368,-5.0,0.0,0.0,0.0,Autumn,No Holiday,Yes,158.18180215924937
30/11/2018,3,-0.1,69,0.9,1338,-5.1,0.0,0.0,0.0,Autumn,No Holiday,Yes,109.56716047221533
30/11/2018,4,,71,0.4,1345,-5.1,0.0,0.0,0.0,Autumn,No Holiday,Yes,141.47366496649843
30/11/2018,5,-0.7,66,0.5,1336,-6.2,0.0,0.0,0.0,Autumn,No Holiday,Yes,93.58997745799904
30/11/2018,6,-0.8,68,0.8,1322,-5.9,0.0,0.0,0.0,Autumn,No Holiday,Yes,167.1388670890688
30/11/2018,7,-1.2,70,0.8,1351,-5.9,0.0,0.0,0.0,Autumn,No Holiday,Yes,277.47344203783445
30/11/2018,8,-1.5,68,1.1,1286,-6.6,0.02,0.0,0.0,Autumn,No Holiday,Yes,491.24743944330504
30/11/2018,9,-0.4,57,0.6,1270,-7.8,0.45,0.0,0.0,Autumn,No Holiday,Yes,355.02746243229217
30/11/2018,10,1.9,51,0.8,1029,-7.1,1.01,0.0,0.0,Autumn,No Holiday,Yes,320.21416301083815
30/11/2018,11,5.3,43,1.8,1177,-6.2,1.38,0.0,0.0,Autumn,No Holiday,Yes,431.2274461764982
30/11/2018,12,6.6,35,1.3,1409,-7.8,1.7,0.0,0.0,Autumn,No Holiday,Yes,503.9241852962094
30/11/2018,13,7.1,24,2.8,1838,-12.1,1.83,0.0,0.0,Autumn,No Holiday,Yes,508.2756110445016
30/11/2018,14,7.8,20,2.2,2000,-13.8,1.67,0.0,0.0,Autumn,No Holiday,Yes,591.80787396582
30/11/2018,15,7.0,20,3.3,1994,-14.4,1.21,0.0,0.0,Autumn,No Holiday,Yes,584.5310211356335
30/11/2018,16,7.2,23,1.5,1945,-12.6,0.72,0.0,0.0,Autumn,No Holiday,Yes,529.1852739355548
30/11/2018,17,6.0,29,2.1,1877,-10.7,0.23,0.0,0.0,Autumn,No Holiday,Yes,550.9908645798088
30/11/2018,18,4.7,34,1.9,1661,-9.8,0.0,0.0,0.0,Autumn,No Holiday,Yes,586.2356864222271
30/11/2018,19,4.2,34,2.6,1894,-10.3,0.0,0.0,0.0,,No Holiday,Yes,410.18891140477854
30/11/2018,20,3.4,37,2.3,2000,-9.9,0.0,0.0,0.0,Autumn,No Holiday,Yes,378.8456424725947
30/11/2018,21,2.6,39,0.3,1968,-9.9,0.0,0.0,0.0,Autumn,No Holiday,Yes,356.88539532371954
30/11/2018,22,2.1,41,1.0,1859,-9.8,0.0,0.0,0.0,Autumn,No Holiday,Yes,331.62289298787766
30/11/2018,23,1.9,43,1.3,1909,-9.3,0.0,0.0,0.0,Autumn,No Holiday,Yes,263.27841186060346
